0.000000000000000000e+00,-4.034844696394479513e-04
1.666666666666660052e-02,3.552979721044586814e-01
3.333333333333329818e-02,4.909534864051651182e-01
5.000000000000000278e-02,5.423020196492571721e-01
6.666666666666659635e-02,5.655051996850040119e-01
8.333333333333330095e-02,5.699131438173701270e-01
1.000000000000000056e-01,5.742344223065982689e-01
1.166666666666665991e-01,5.784510641974386358e-01
1.333333333333333037e-01,5.778608975873580356e-01
1.499999999999999944e-01,5.771201878772381777e-01
1.666666666666666019e-01,5.715183561846604032e-01
1.833333333333332926e-01,5.657083040520223260e-01
2.000000000000000111e-01,5.596567832248909857e-01
2.166666666666665908e-01,5.486479273946999191e-01
2.333333333333333093e-01,5.420074439897035745e-01
2.500000000000000000e-01,5.303376477957394419e-01
2.666666666666666075e-01,5.229654453307285289e-01
2.833333333333333259e-01,5.104968639370445205e-01
2.999999999999999889e-01,5.022653070872085124e-01
3.166666666666665964e-01,4.888862526624375704e-01
3.333333333333333148e-01,4.750246968443690987e-01
3.499999999999999778e-01,4.653539471600188215e-01
3.666666666666665853e-01,4.505143069132083733e-01
3.833333333333333037e-01,4.398799427161350084e-01
4.000000000000000222e-01,4.241126406743269683e-01
4.166666666666666852e-01,4.126087890162227212e-01
4.333333333333332926e-01,3.960522790395573089e-01
4.500000000000000111e-01,3.791797410194315265e-01
4.666666666666666741e-01,3.667367215070548303e-01
4.833333333333332815e-01,3.494335411659670321e-01
5.000000000000000000e-01,3.367092496546700842e-01
5.166666666666667185e-01,3.192825677907500381e-01
5.333333333333333259e-01,3.019154752812247544e-01
5.500000000000000444e-01,2.893681730898100546e-01
5.666666666666666519e-01,2.723541720699087509e-01
5.833333333333333703e-01,2.603041835862642817e-01
5.999999999999999778e-01,2.485982239966241236e-01
6.166666666666666963e-01,2.326067542847367886e-01
6.333333333333333037e-01,2.217324412019334445e-01
6.500000000000000222e-01,2.066432537674183778e-01
6.666666666666666297e-01,1.967194694213597883e-01
6.833333333333333481e-01,1.826070890977905259e-01
6.999999999999999556e-01,1.689846649450337246e-01
7.166666666666666741e-01,1.605217901353364340e-01
7.333333333333332815e-01,1.478378951843772326e-01
7.500000000000000000e-01,1.355889502617222409e-01
7.666666666666667185e-01,1.284262754507505266e-01
7.833333333333333259e-01,1.169558205568276832e-01
8.000000000000000444e-01,1.105053692063147630e-01
8.166666666666666519e-01,9.967937529444237388e-02
8.333333333333333703e-01,8.912599540003723897e-02
8.499999999999999778e-01,8.349577611878683525e-02
8.666666666666666963e-01,7.339968381497724570e-02
8.833333333333333037e-01,6.349525618638895974e-02
9.000000000000000222e-01,5.844428009793128931e-02
9.166666666666666297e-01,4.887075307477167785e-02
9.333333333333332371e-01,4.412710521135393416e-02
9.499999999999999556e-01,3.952814983861707709e-02
9.666666666666667851e-01,3.507470899280784593e-02
9.833333333333331705e-01,2.609155333190082970e-02
1.000000000000000000e+00,2.195096723513367820e-02
1.016666666666666607e+00,1.798703406599871935e-02
1.033333333333333437e+00,1.421882780215061315e-02
1.050000000000000044e+00,1.066921785090130248e-02
1.066666666666666874e+00,1.204509388609575904e-02
1.083333333333333259e+00,9.013337113655595090e-03
1.100000000000000089e+00,1.096605628824459666e-02
1.116666666666666696e+00,1.325398787032644465e-02
1.133333333333333304e+00,1.590877486437175525e-02
1.149999999999999911e+00,1.896132836382652398e-02
1.166666666666666741e+00,2.244079485420485964e-02
1.183333333333333126e+00,3.105438092250062398e-02
1.199999999999999956e+00,4.014589114444616635e-02
1.216666666666666563e+00,5.441134829954924479e-02
1.233333333333333393e+00,6.450173070670456310e-02
1.250000000000000000e+00,7.978514341529047149e-02
1.266666666666666607e+00,9.558028762489739760e-02
1.283333333333333437e+00,1.165603683015272174e-01
1.300000000000000044e+00,1.333488927609174368e-01
1.316666666666666874e+00,1.552855995987121318e-01
1.333333333333333259e+00,1.729800424796248959e-01
1.350000000000000089e+00,1.957588869510558660e-01
1.366666666666666696e+00,2.189008210273460930e-01
1.383333333333333304e+00,2.376798760055945370e-01
1.399999999999999911e+00,2.567281614508505339e-01
1.416666666666666741e+00,2.759944488368679671e-01
1.433333333333333126e+00,2.954262814222021749e-01
1.449999999999999956e+00,3.102900869143556672e-01
1.466666666666666563e+00,3.252148598811730462e-01
1.483333333333333393e+00,3.401505408817659393e-01
1.500000000000000000e+00,3.503691064956225287e-01
1.516666666666666607e+00,3.605076192796557444e-01
1.533333333333333437e+00,3.705262801518641180e-01
1.550000000000000044e+00,3.757089973673102268e-01
1.566666666666666874e+00,3.807059977412000640e-01
1.583333333333333259e+00,3.808106058532814142e-01
1.600000000000000089e+00,3.806826657274153813e-01
1.616666666666666696e+00,3.803057471305560377e-01
1.633333333333333304e+00,3.796677143415367883e-01
1.649999999999999911e+00,3.740797094300896686e-01
1.666666666666666741e+00,3.682181227549956026e-01
1.683333333333333126e+00,3.620818233711879941e-01
1.699999999999999956e+00,3.556724135278667154e-01
1.716666666666666563e+00,3.443131367701365853e-01
1.733333333333333393e+00,3.373716380661478942e-01
1.750000000000000000e+00,3.301747494184099629e-01
1.766666666666666607e+00,3.180504134820827944e-01
1.783333333333333437e+00,3.056893032281654543e-01
1.800000000000000044e+00,2.977826154478265264e-01
1.816666666666666874e+00,2.849795222502571890e-01
1.833333333333333259e+00,2.719717979963177656e-01
1.850000000000000089e+00,2.634512581150070254e-01
1.866666666666666696e+00,2.547478471545435164e-01
1.883333333333333304e+00,2.458720541530864945e-01
1.899999999999999911e+00,2.321531447991248553e-01
1.916666666666666741e+00,2.229626063500727007e-01
1.933333333333333126e+00,2.136286113834405809e-01
1.949999999999999956e+00,2.041598381579804444e-01
1.966666666666666341e+00,1.992451165838413640e-01
1.983333333333333171e+00,1.895300033051080524e-01
2.000000000000000000e+00,1.797023175267173922e-01
2.016666666666666607e+00,1.744491628695812313e-01
2.033333333333333215e+00,1.690954365289690786e-01
2.049999999999999822e+00,1.636463580313249899e-01
2.066666666666666874e+00,1.581068774803148225e-01
2.083333333333333037e+00,1.524812252973964943e-01
2.100000000000000089e+00,1.467733240262413252e-01
2.116666666666666696e+00,1.409868323363145937e-01
2.133333333333333304e+00,1.398061842707770674e-01
2.149999999999999911e+00,1.338727588813896086e-01
2.166666666666666519e+00,1.278705557046186936e-01
2.183333333333333126e+00,1.264833436059658034e-01
2.200000000000000178e+00,1.203523613196927355e-01
2.216666666666666785e+00,1.188422537564011172e-01
2.233333333333333393e+00,1.172750603290266813e-01
2.250000000000000000e+00,1.156536810626114242e-01
2.266666666666666607e+00,1.093003210963838789e-01
2.283333333333333215e+00,1.075796162231354991e-01
2.299999999999999822e+00,1.058137790932025535e-01
2.316666666666666874e+00,1.040058649064035112e-01
2.333333333333333037e+00,1.021588340416854646e-01
2.350000000000000089e+00,1.002755465706474114e-01
2.366666666666666696e+00,9.835873175156772952e-02
2.383333333333333304e+00,9.641114005208628601e-02
2.399999999999999911e+00,9.443526025319748385e-02
2.416666666666666519e+00,9.243321895902034679e-02
2.433333333333333126e+00,9.040711817319213583e-02
2.450000000000000178e+00,8.835873337943833672e-02
2.466666666666666785e+00,9.097026458015089467e-02
2.483333333333333393e+00,8.888139925408633513e-02
2.500000000000000000e+00,8.677391726684646756e-02
2.516666666666666607e+00,8.464880375474803653e-02
2.533333333333333215e+00,8.250641277610348823e-02
2.549999999999999822e+00,8.034738602666025020e-02
2.566666666666666874e+00,8.285278008123708737e-02
2.583333333333333037e+00,8.066112118888857374e-02
2.600000000000000089e+00,7.845334711874218936e-02
2.616666666666666696e+00,7.622941469559330052e-02
2.633333333333333304e+00,7.867024876199957273e-02
2.649999999999999911e+00,7.641411584858759376e-02
2.666666666666666519e+00,7.414156519742864937e-02
2.683333333333333126e+00,7.653338458810254874e-02
2.700000000000000178e+00,7.422754990720570323e-02
2.716666666666666785e+00,7.190442374887451304e-02
2.733333333333333393e+00,7.424454980818651073e-02
2.750000000000000000e+00,7.188560271135413515e-02
2.766666666666666607e+00,6.950792331295019277e-02
2.783333333333333215e+00,7.179149816284535746e-02
2.799999999999999822e+00,6.937396847412280465e-02
2.816666666666666874e+00,7.161620509461230633e-02
2.833333333333333037e+00,6.915571137572196214e-02
2.850000000000000089e+00,7.135353976705371970e-02
2.866666666666666696e+00,6.884727927931788560e-02
2.883333333333333304e+00,7.099801122969617850e-02
2.899999999999999911e+00,6.844362378555679527e-02
2.916666666666666519e+00,7.054563962759963225e-02
2.933333333333333126e+00,6.794230459660832722e-02
2.950000000000000178e+00,6.999547891979740477e-02
2.966666666666666785e+00,6.734387954623222150e-02
2.983333333333333393e+00,6.466884049898513620e-02
3.000000000000000000e+00,6.665196075066492920e-02
3.016666666666666607e+00,6.393249579625348566e-02
3.033333333333333215e+00,6.587306173345308657e-02
3.049999999999999822e+00,6.311310473654674347e-02
3.066666666666666874e+00,6.033441782090620542e-02
3.083333333333333037e+00,6.221908180691826384e-02
3.100000000000000089e+00,5.940629561541033166e-02
3.116666666666666696e+00,6.125878300167719726e-02
3.133333333333333304e+00,5.841567932956825970e-02
3.149999999999999911e+00,6.023935906131616669e-02
3.166666666666666519e+00,6.204951899330002352e-02
3.183333333333333126e+00,5.916577022809332842e-02
3.200000000000000178e+00,6.095026479527643204e-02
3.216666666666666785e+00,5.804147073867571560e-02
3.233333333333333393e+00,5.980134059425923354e-02
3.250000000000000000e+00,5.686837285393453456e-02
3.266666666666666607e+00,5.860440618370921229e-02
3.283333333333333215e+00,5.564802104418975492e-02
3.299999999999999822e+00,5.268044925533810208e-02
3.316666666666666874e+00,5.438283771600826988e-02
3.333333333333333037e+00,5.139393940297320995e-02
3.350000000000000089e+00,5.307621495887759888e-02
3.366666666666666696e+00,5.006866757671202262e-02
3.383333333333333304e+00,5.173372560335509629e-02
3.399999999999999911e+00,5.339143211620023255e-02
3.416666666666666519e+00,5.036182793122145895e-02
3.433333333333333126e+00,5.200745185653388170e-02
3.450000000000000178e+00,4.896734350865517005e-02
3.466666666666666785e+00,5.060391656893303836e-02
3.483333333333333393e+00,4.755598741308630917e-02
3.500000000000000000e+00,4.918553976082484791e-02
3.516666666666666607e+00,5.081186732655351701e-02
3.533333333333333215e+00,4.775394728007353873e-02
3.549999999999999822e+00,4.937317015614062221e-02
3.566666666666666874e+00,5.098801063317259796e-02
3.583333333333333037e+00,4.791684117966388268e-02
3.600000000000000089e+00,4.952041571098553252e-02
3.616666666666666252e+00,5.111677596406505319e-02
3.633333333333332860e+00,4.802386314636220010e-02
3.649999999999999911e+00,4.960224141149283117e-02
3.666666666666666519e+00,4.648917443396738403e-02
3.683333333333333126e+00,4.804511776561282144e-02
3.700000000000000178e+00,4.490754444571654069e-02
3.716666666666666785e+00,4.643741973763271247e-02
3.733333333333332948e+00,4.795334798540817900e-02
3.750000000000000000e+00,4.477413594128243357e-02
3.766666666666666607e+00,4.626139408453611157e-02
3.783333333333333215e+00,4.773428387294786912e-02
3.799999999999999822e+00,4.451229560657843365e-02
3.816666666666666874e+00,4.595753310762007438e-02
3.833333333333333481e+00,4.270877126301431126e-02
3.850000000000000089e+00,4.412837755423737462e-02
3.866666666666666252e+00,4.553611245194799650e-02
3.883333333333332860e+00,4.225179554633529122e-02
3.899999999999999911e+00,4.363788618403741104e-02
3.916666666666666519e+00,4.501410114375237193e-02
3.933333333333333126e+00,4.638097630086823742e-02
3.950000000000000178e+00,4.305813237970557150e-02
3.966666666666666785e+00,4.440767030869563481e-02
3.983333333333332948e+00,4.574905395838702038e-02
4.000000000000000000e+00,4.240157397731136868e-02
4.016666666666666607e+00,4.372731484982605998e-02
4.033333333333333215e+00,4.504540548402258260e-02
4.049999999999999822e+00,4.167516995359110688e-02
4.066666666666666430e+00,4.297823576819315150e-02
4.083333333333333037e+00,4.427376105287139652e-02
4.099999999999999645e+00,4.088098108642534978e-02
4.116666666666666252e+00,3.748069443514290278e-02
4.133333333333333748e+00,3.875366556641091087e-02
4.150000000000000355e+00,4.001894042129316986e-02
4.166666666666666963e+00,3.659558446330968273e-02
4.183333333333333570e+00,3.784534558898711154e-02
4.200000000000000178e+00,3.908711635533923534e-02
4.216666666666666785e+00,3.564001479570566566e-02
4.233333333333333393e+00,3.686548843434378497e-02
4.250000000000000000e+00,3.808254139069178201e-02
4.266666666666666607e+00,3.929108281098248057e-02
4.283333333333333215e+00,3.581007947904590871e-02
4.299999999999999822e+00,3.700118828986154185e-02
4.316666666666666430e+00,3.818352845652439598e-02
4.333333333333333037e+00,3.935711565473964946e-02
4.349999999999999645e+00,3.584111415220170294e-02
4.366666666666666252e+00,3.699741993223448766e-02
4.383333333333333748e+00,3.814539953321149923e-02
4.400000000000000355e+00,3.460452527089108443e-02
4.416666666666666963e+00,3.573668291566778343e-02
4.433333333333333570e+00,3.686149197809229783e-02
4.450000000000000178e+00,3.329858511378125385e-02
4.466666666666666785e+00,3.440988308805548179e-02
4.483333333333333393e+00,3.551486040915818876e-02
4.500000000000000000e+00,3.661380992855067795e-02
4.516666666666666607e+00,3.302605226957910922e-02
4.533333333333333215e+00,3.411316874467074101e-02
4.549999999999999822e+00,3.519419766888365331e-02
4.566666666666666430e+00,3.158789863651190188e-02
4.583333333333333037e+00,3.265552524383008581e-02
4.599999999999999645e+00,3.371540447910903460e-02
4.616666666666666252e+00,3.476668641235924895e-02
4.633333333333333748e+00,3.112740553246040598e-02
4.650000000000000355e+00,3.215812947884155726e-02
4.666666666666666963e+00,3.317673401548448808e-02
4.683333333333333570e+00,3.418188585940229451e-02
4.700000000000000178e+00,3.049141227228147066e-02
4.716666666666666785e+00,3.146574754266429075e-02
4.733333333333333393e+00,3.242285814739864769e-02
4.750000000000000000e+00,3.336168588103571864e-02
4.766666666666666607e+00,2.960060659633567681e-02
4.783333333333333215e+00,3.050040120883212857e-02
4.799999999999999822e+00,3.137992092956398693e-02
4.816666666666666430e+00,2.755806408052419165e-02
4.833333333333333037e+00,2.839663919253343494e-02
4.849999999999999645e+00,2.921509997157212268e-02
4.866666666666666252e+00,3.001397312707743126e-02
4.883333333333333748e+00,2.611316071936520267e-02
4.900000000000000355e+00,2.687531039520507647e-02
4.916666666666666963e+00,2.762065892928755595e-02
4.933333333333333570e+00,2.835039208089162877e-02
4.950000000000000178e+00,2.906576393302673367e-02
4.966666666666666785e+00,2.508721097829336166e-02
4.983333333333333393e+00,2.577764844600727301e-02
5.000000000000000000e+00,2.645747131321640744e-02
5.016666666666666607e+00,2.712773810030943977e-02
5.033333333333333215e+00,2.778947897066741390e-02
5.049999999999999822e+00,2.376267519255548244e-02
5.066666666666666430e+00,2.440974614447233293e-02
5.083333333333333037e+00,2.505023791730698335e-02
5.099999999999999645e+00,2.568452002921728372e-02
5.116666666666666252e+00,2.163183376594357554e-02
5.133333333333333748e+00,2.225396804601986744e-02
5.150000000000000355e+00,2.286987888831371052e-02
5.166666666666666963e+00,1.879857207698298893e-02
5.183333333333333570e+00,1.940123333929721916e-02
5.200000000000000178e+00,1.999674235397752575e-02
5.216666666666666785e+00,2.058470580149052154e-02
5.233333333333333393e+00,2.116474581437688407e-02
5.250000000000000000e+00,1.705558644128490897e-02
5.266666666666666607e+00,1.761881828246658621e-02
5.283333333333333215e+00,1.817336109864697846e-02
5.299999999999999822e+00,1.871914207414748788e-02
5.316666666666666430e+00,1.925616458642598339e-02
5.333333333333333037e+00,1.510375303708744177e-02
5.349999999999999645e+00,1.562399451978313536e-02
5.366666666666666252e+00,1.613635414861858131e-02
5.383333333333333748e+00,1.664140462055052616e-02
5.400000000000000355e+00,1.713975391658384417e-02
5.416666666666666963e+00,1.763209006788168942e-02
5.433333333333333570e+00,1.811916068718333328e-02
5.450000000000000178e+00,1.860177137201790565e-02
5.466666666666666785e+00,1.439984379668235448e-02
5.483333333333333393e+00,1.487597320465749995e-02
5.500000000000000000e+00,1.535002500097526479e-02
5.516666666666666607e+00,1.582271115930700134e-02
5.533333333333333215e+00,1.629462599955378010e-02
5.549999999999999822e+00,1.676636491830096887e-02
5.566666666666666430e+00,1.723834728715978315e-02
5.583333333333333037e+00,1.771086237428831645e-02
5.599999999999999645e+00,1.350331850742447770e-02
5.616666666666666252e+00,1.397727573174267768e-02
5.633333333333333748e+00,1.445178087652654320e-02
5.650000000000000355e+00,1.492652633006374963e-02
5.666666666666666963e+00,1.540101433567353517e-02
5.683333333333333570e+00,1.587470850974725955e-02
5.700000000000000178e+00,1.166599350938302138e-02
5.716666666666666785e+00,1.213586114599096710e-02
5.733333333333333393e+00,1.260253961661828015e-02
5.750000000000000000e+00,1.306512770756929065e-02
5.766666666666666607e+00,1.352273279521565286e-02
5.783333333333333215e+00,1.397457374245170136e-02
5.799999999999999822e+00,1.441982213416115322e-02
5.816666666666666430e+00,1.485792125471530056e-02
5.833333333333333037e+00,1.528842210440983784e-02
5.849999999999999645e+00,1.103037574245147034e-02
5.866666666666666252e+00,1.144515522907751937e-02
5.883333333333333748e+00,1.185233074567171307e-02
5.900000000000000355e+00,1.225227199420353408e-02
5.916666666666666963e+00,1.264571877891440543e-02
5.933333333333333570e+00,1.303356138669897746e-02
5.950000000000000178e+00,1.341687307431915777e-02
5.966666666666666785e+00,1.379693409513693680e-02
5.983333333333333393e+00,1.417509172402353634e-02
6.000000000000000000e+00,1.455281960906873451e-02
6.016666666666666607e+00,1.493164061940022158e-02
6.033333333333333215e+00,1.063238668786414820e-02
6.049999999999999822e+00,1.101870642364199959e-02
6.066666666666666430e+00,1.141200022234611922e-02
6.083333333333333037e+00,1.181491726880379289e-02
6.099999999999999645e+00,1.223072868806385216e-02
6.116666666666666252e+00,1.266350541334881896e-02
6.133333333333333748e+00,1.311829000074604679e-02
6.150000000000000355e+00,1.360142316135148910e-02
6.166666666666666963e+00,1.412094596005064595e-02
6.183333333333333570e+00,1.468726573965972726e-02
6.200000000000000178e+00,1.063295662634500260e-02
6.216666666666666785e+00,1.133743209016691011e-02
6.233333333333333393e+00,1.214287677639069862e-02
6.250000000000000000e+00,1.307960314708012106e-02
6.266666666666666607e+00,1.418612691415521709e-02
6.283333333333333215e+00,1.551091665695314425e-02
6.299999999999999822e+00,1.711423436743775284e-02
6.316666666666666430e+00,1.907008745387051007e-02
6.333333333333333037e+00,1.678732903927682152e-02
6.349999999999999645e+00,1.973521980394643549e-02
6.366666666666666252e+00,2.335983967523125315e-02
6.383333333333333748e+00,2.780921306105410551e-02
6.400000000000000355e+00,3.325344746674008256e-02
6.416666666666666963e+00,3.988533330868238025e-02
6.433333333333333570e+00,4.791984146029681924e-02
6.450000000000000178e+00,5.759285471323849492e-02
6.466666666666666785e+00,6.915868364037103255e-02
6.483333333333333393e+00,8.288629415639103826e-02
6.500000000000000000e+00,9.905415946127194005e-02
6.516666666666666607e+00,1.179437136961063448e-01
6.533333333333333215e+00,1.398314224011087958e-01
6.549999999999999822e+00,1.649798408053266829e-01
6.566666666666666430e+00,1.936274260388457513e-01
6.583333333333333037e+00,2.259779641986670029e-01
6.599999999999999645e+00,2.575089611633383235e-01
6.616666666666666252e+00,2.976843646488196438e-01
6.633333333333333748e+00,3.418601710906583602e-01
6.650000000000000355e+00,3.899994882660804407e-01
6.666666666666666963e+00,4.419856052137818292e-01
6.683333333333333570e+00,4.976183622581962229e-01
6.700000000000000178e+00,5.566134162049545253e-01
6.716666666666666785e+00,6.186046628559800364e-01
6.733333333333333393e+00,6.831499180699953655e-01
6.750000000000000000e+00,7.450589798072437819e-01
6.766666666666666607e+00,8.131286093140879245e-01
6.783333333333333215e+00,8.820719933999077167e-01
6.799999999999999822e+00,9.512580534278229916e-01
6.816666666666666430e+00,1.020048110952521681e+00
6.833333333333333037e+00,1.087813440812486432e+00
6.849999999999999645e+00,1.153952613541901817e+00
6.866666666666666252e+00,1.217907553681260469e+00
6.883333333333333748e+00,1.279177662646132196e+00
6.900000000000000355e+00,1.337331413092657906e+00
6.916666666666666963e+00,1.392014977324701475e+00
6.933333333333333570e+00,1.438276730284137050e+00
6.950000000000000178e+00,1.485292912570023605e+00
6.966666666666666785e+00,1.528281285383911614e+00
6.983333333333333393e+00,1.567220570666025159e+00
7.000000000000000000e+00,1.602163102669804884e+00
7.016666666666666607e+00,1.633226315443564891e+00
7.033333333333333215e+00,1.655901995778732205e+00
7.049999999999999822e+00,1.679768687558028217e+00
7.066666666666666430e+00,1.700395814596996180e+00
7.083333333333333037e+00,1.718056037747848874e+00
7.099999999999999645e+00,1.733034285546053210e+00
7.116666666666666252e+00,1.740937704435116418e+00
7.133333333333333748e+00,1.746730431455162158e+00
7.150000000000000355e+00,1.746003855788317072e+00
7.166666666666666963e+00,1.739013438694674507e+00
7.183333333333333570e+00,1.711952676766077097e+00
7.200000000000000178e+00,1.660354525708552575e+00
7.216666666666666785e+00,1.570366585350213118e+00
7.233333333333333393e+00,1.437474111084201756e+00
7.250000000000000000e+00,1.257139688848015968e+00
7.266666666666666607e+00,1.034165734763765832e+00
7.283333333333333215e+00,7.873773089419020543e-01
7.299999999999999822e+00,5.402619262755168350e-01
7.316666666666666430e+00,3.209711721456960376e-01
7.333333333333333037e+00,1.482803714099736325e-01
7.349999999999999645e+00,4.095188887598411043e-02
7.366666666666666252e+00,-9.872936131105625179e-04
7.383333333333333748e+00,2.247870914676486365e-02
7.400000000000000355e+00,1.066745035579064194e-01
7.416666666666666963e+00,2.328733033381831241e-01
7.433333333333333570e+00,3.870179514734717330e-01
7.450000000000000178e+00,5.503612294839106411e-01
7.466666666666666785e+00,7.135063130382666152e-01
7.483333333333333393e+00,8.670447816149189357e-01
7.500000000000000000e+00,1.010916496589013835e+00
7.516666666666666607e+00,1.135686082693201371e+00
7.533333333333333215e+00,1.236582540412383580e+00
7.549999999999999822e+00,1.327541073129014926e+00
7.566666666666666430e+00,1.394393425602810987e+00
7.583333333333333037e+00,1.455717875268769612e+00
7.599999999999999645e+00,1.497306768577630232e+00
7.616666666666666252e+00,1.533018731987110472e+00
7.633333333333333748e+00,1.557970812740174793e+00
7.650000000000000355e+00,1.576626321596017233e+00
7.666666666666666963e+00,1.584073977160255664e+00
7.683333333333333570e+00,1.589436231344581563e+00
7.700000000000000178e+00,1.587790021063674839e+00
7.716666666666666785e+00,1.578896147546734241e+00
7.733333333333333393e+00,1.567206636528698960e+00
7.750000000000000000e+00,1.552510516249499206e+00
7.766666666666666607e+00,1.534624245543920074e+00
7.783333333333333215e+00,1.508718315862291437e+00
7.799999999999999822e+00,1.484049201750602620e+00
7.816666666666666430e+00,1.451201305709346023e+00
7.833333333333333037e+00,1.414859237991327401e+00
7.849999999999999645e+00,1.375089093473235380e+00
7.866666666666666252e+00,1.327342131887387033e+00
7.883333333333333748e+00,1.281178704376195521e+00
7.900000000000000355e+00,1.227500959583451623e+00
7.916666666666666963e+00,1.175996387298419377e+00
7.933333333333333570e+00,1.117684438924763546e+00
7.950000000000000178e+00,1.057674687541324543e+00
7.966666666666666785e+00,1.001113906431891465e+00
7.983333333333333393e+00,9.391327123778276942e-01
8.000000000000000000e+00,8.815981946575137673e-01
8.016666666666667496e+00,8.196548461966741694e-01
8.033333333333333215e+00,7.584778294303815560e-01
8.050000000000000711e+00,6.985373911211034681e-01
8.066666666666666430e+00,6.449497904710606022e-01
8.083333333333333925e+00,5.887443947988619808e-01
8.099999999999999645e+00,5.349416589822790780e-01
8.116666666666667140e+00,4.838241947467885051e-01
8.133333333333332860e+00,4.356145200535226358e-01
8.150000000000000355e+00,3.904740653817604379e-01
8.166666666666666075e+00,3.531851099481095879e-01
8.183333333333333570e+00,3.144300329066676003e-01
8.199999999999999289e+00,2.788810967003489960e-01
8.216666666666666785e+00,2.511632344647847237e-01
8.233333333333332504e+00,2.218181913012386985e-01
8.250000000000000000e+00,1.953962691651445205e-01
8.266666666666667496e+00,1.764211444404244489e-01
8.283333333333333215e+00,1.553540622996147924e-01
8.300000000000000711e+00,1.366858583654784187e-01
8.316666666666666430e+00,1.202194114668710956e-01
8.333333333333333925e+00,1.057558870780719307e-01
8.349999999999999645e+00,9.309928549938106812e-02
8.366666666666667140e+00,8.674095884665833367e-02
8.383333333333332860e+00,7.713930417727921096e-02
8.400000000000000355e+00,6.880667516918315130e-02
8.416666666666666075e+00,5.690678108985491868e-02
8.433333333333333570e+00,5.065945945821526131e-02
8.449999999999999289e+00,4.525611849486810279e-02
8.466666666666666785e+00,4.058274825498719984e-02
8.483333333333332504e+00,3.653859655786106941e-02
8.500000000000000000e+00,3.303539886735995523e-02
8.516666666666667496e+00,2.531554149921810826e-02
8.533333333333333215e+00,2.267462616348092652e-02
8.550000000000000711e+00,2.037499193140113185e-02
8.566666666666666430e+00,1.836844798323422623e-02
8.583333333333333925e+00,1.661438730901299010e-02
8.599999999999999645e+00,1.507821383659013748e-02
8.616666666666667140e+00,1.373058836444451813e-02
8.633333333333332860e+00,7.865826204688897150e-03
8.650000000000000355e+00,6.824503166472206672e-03
8.666666666666666075e+00,5.908019958443588848e-03
8.683333333333333570e+00,5.101332679088743660e-03
8.699999999999999289e+00,4.391566542910618764e-03
8.716666666666666785e+00,3.767665869579994720e-03
8.733333333333332504e+00,3.220219117481937232e-03
8.750000000000000000e+00,2.740871679120182591e-03
8.766666666666667496e+00,2.322439971141676551e-03
8.783333333333333215e+00,1.958372881171843716e-03
8.800000000000000711e+00,1.642854697728513003e-03
8.816666666666666430e+00,1.370640864230665557e-03
8.833333333333333925e+00,1.136820365138735411e-03
8.849999999999999645e+00,9.368297711975781539e-04
8.866666666666667140e+00,7.665592016055100544e-04
8.883333333333332860e+00,6.223609921838235692e-04
8.900000000000000355e+00,5.006293868710098849e-04
8.916666666666666075e+00,3.981399581620692629e-04
8.933333333333333570e+00,3.117630525337755643e-04
8.949999999999999289e+00,2.385743774877546741e-04
8.966666666666666785e+00,4.856598930734978836e-03
8.983333333333332504e+00,4.801551113176927288e-03
9.000000000000000000e+00,1.411322660242886329e-02
9.016666666666667496e+00,2.810822968894166607e-02
9.033333333333331439e+00,5.146449665575203447e-02
9.050000000000000711e+00,8.417933499536034425e-02
9.066666666666666430e+00,1.356113623917198918e-01
9.083333333333333925e+00,2.057571209230001363e-01
9.099999999999999645e+00,2.992941801392936529e-01
9.116666666666667140e+00,4.162184994936140026e-01
9.133333333333332860e+00,5.518449072217779250e-01
9.150000000000000355e+00,7.061690540866927268e-01
9.166666666666666075e+00,8.698241136743573021e-01
9.183333333333333570e+00,1.038124212838328786e+00
9.199999999999999289e+00,1.197021378841675254e+00
9.216666666666668561e+00,1.337148519549029579e+00
9.233333333333332504e+00,1.449138711422168546e+00
9.250000000000000000e+00,1.537667845627200824e+00
9.266666666666667496e+00,1.588688974631563333e+00
9.283333333333331439e+00,1.606879253776845484e+00
9.300000000000000711e+00,1.596916928099167299e+00
9.316666666666666430e+00,1.558800707724657730e+00
9.333333333333333925e+00,1.497211557598655762e+00
9.349999999999999645e+00,1.426193945344534475e+00
9.366666666666667140e+00,1.336389727582627529e+00
9.383333333333332860e+00,1.241847087071054734e+00
9.400000000000000355e+00,1.142573548169819375e+00
9.416666666666666075e+00,1.043259338016861548e+00
9.433333333333333570e+00,9.485964133999411629e-01
9.449999999999999289e+00,8.585973449108174060e-01
9.466666666666668561e+00,7.685949791639474782e-01
9.483333333333332504e+00,6.879655668892976639e-01
9.500000000000000000e+00,6.167239191494685580e-01
9.516666666666667496e+00,5.455232553995925660e-01
9.533333333333331439e+00,4.837393052922419612e-01
9.550000000000000711e+00,4.267045668242250844e-01
9.566666666666666430e+00,3.744309025534861002e-01
9.583333333333333925e+00,3.316092932479665079e-01
9.599999999999999645e+00,2.935668146634046183e-01
9.616666666666667140e+00,2.556286484957397409e-01
9.633333333333332860e+00,2.271600133081964623e-01
9.650000000000000355e+00,1.988004558247115083e-01
9.666666666666666075e+00,1.752299778370784988e-01
9.683333333333333570e+00,1.564453894740676088e-01
9.699999999999999289e+00,1.377609760274927098e-01
9.716666666666668561e+00,1.238510231193592492e-01
9.733333333333332504e+00,1.100270138075156723e-01
9.750000000000000000e+00,1.009607412334938559e-01
9.766666666666667496e+00,9.196222148535970753e-02
9.783333333333331439e+00,8.302129327431839734e-02
9.800000000000000711e+00,7.412799355269417134e-02
9.816666666666666430e+00,6.527280106115274094e-02
9.833333333333333925e+00,6.112674272315921087e-02
9.849999999999999645e+00,5.700016057628021215e-02
9.866666666666667140e+00,5.288483936403265417e-02
9.883333333333332860e+00,4.877299688739444861e-02
9.900000000000000355e+00,4.465814067019202582e-02
9.916666666666666075e+00,4.521479542009165797e-02
9.933333333333333570e+00,4.107620620496410524e-02
9.949999999999999289e+00,3.691892228414306310e-02
9.966666666666668561e+00,3.273936622714446187e-02
9.983333333333332504e+00,3.321559241843696775e-02
1.000000000000000000e+01,2.898373838305867700e-02
1.001666666666666750e+01,2.940387166117752749e-02
1.003333333333333144e+01,2.511343428096068919e-02
1.005000000000000071e+01,2.547358628061990871e-02
1.006666666666666643e+01,2.112264924505291575e-02
1.008333333333333393e+01,2.142285046472913734e-02
1.009999999999999964e+01,2.169406809324381236e-02
1.011666666666666714e+01,1.725657756165199785e-02
1.013333333333333286e+01,1.747329947995557298e-02
1.015000000000000036e+01,1.766499107535124402e-02
1.016666666666666607e+01,1.315235839230677328e-02
1.018333333333333357e+01,1.329905248176355137e-02
1.019999999999999929e+01,1.342601082431671422e-02
1.021666666666666856e+01,1.353504193604138095e-02
1.023333333333333250e+01,1.362778095090422248e-02
1.025000000000000000e+01,1.370608827800912088e-02
1.026666666666666750e+01,1.377163916638313168e-02
1.028333333333333144e+01,1.382610689998942100e-02
1.030000000000000071e+01,9.190089803087664322e-03
1.031666666666666643e+01,9.226721342307842022e-03
1.033333333333333393e+01,4.575603358582647218e-03
1.034999999999999964e+01,4.599445484596120792e-03
1.036666666666666714e+01,4.618386845137267827e-03
1.038333333333333286e+01,4.633339658785873283e-03
1.040000000000000036e+01,4.645037479469094066e-03
1.041666666666666607e+01,4.654105789808182791e-03
1.043333333333333357e+01,4.661071380958281551e-03
1.044999999999999929e+01,4.666372558181475227e-03
1.046666666666666856e+01,4.670369645797922686e-03
1.048333333333333250e+01,-7.444641896947601367e-06
1.050000000000000000e+01,-5.277085419530536115e-06
1.051666666666666750e+01,-3.685228558092390472e-06
1.053333333333333144e+01,-2.569227804505302970e-06
1.055000000000000071e+01,-1.762886733258639538e-06
1.056666666666666643e+01,-1.186080254456101102e-06
1.058333333333333393e+01,-7.775741661664170579e-07
1.059999999999999964e+01,-4.911405455665374120e-07
1.061666666666666714e+01,-2.922992854426098575e-07
1.063333333333333286e+01,-1.556378192990592879e-07
1.065000000000000036e+01,-6.264643759301691261e-08
1.066666666666666607e+01,0.000000000000000000e+00
1.068333333333333357e+01,0.000000000000000000e+00
1.069999999999999929e+01,0.000000000000000000e+00
1.071666666666666856e+01,0.000000000000000000e+00
1.073333333333333250e+01,0.000000000000000000e+00
1.075000000000000000e+01,0.000000000000000000e+00
1.076666666666666750e+01,0.000000000000000000e+00
1.078333333333333144e+01,0.000000000000000000e+00
1.080000000000000071e+01,0.000000000000000000e+00
1.081666666666666643e+01,0.000000000000000000e+00
1.083333333333333393e+01,0.000000000000000000e+00
1.084999999999999964e+01,6.264777607789540070e-08
1.086666666666666714e+01,1.556411441949734353e-07
1.088333333333333286e+01,2.923055302250787690e-07
1.090000000000000036e+01,4.911510382843431444e-07
1.091666666666666607e+01,7.775907779894453142e-07
1.093333333333333357e+01,1.186105593742325937e-06
1.094999999999999929e+01,1.762924395354303897e-06
1.096666666666666856e+01,2.569282693043462018e-06
1.098333333333333250e+01,3.685307288892047950e-06
1.100000000000000000e+01,5.214550382603988510e-06
1.101666666666666750e+01,7.289159799084288238e-06
1.103333333333333144e+01,1.007562239019321737e-05
1.105000000000000071e+01,1.378095453685723726e-05
1.106666666666666643e+01,1.865913796850193762e-05
1.108333333333333393e+01,2.501751335870494586e-05
1.109999999999999964e+01,3.322275277106712110e-05
1.111666666666666714e+01,4.370594152414142286e-05
1.113333333333333286e+01,5.696621890205477712e-05
1.115000000000000036e+01,7.357236548566348233e-05
1.116666666666666607e+01,9.416169389009354518e-05
1.118333333333333357e+01,1.194356105771454679e-04
1.119999999999999929e+01,1.501512791985959439e-04
1.121666666666666856e+01,1.871089380847124062e-04
1.123333333333333250e+01,2.311346094077126878e-04
1.125000000000000000e+01,2.830581832127254671e-04
1.126666666666666750e+01,3.436871575350775032e-04
1.128333333333333144e+01,4.137766509566542794e-04
1.130000000000000071e+01,5.174796654374036464e-03
1.131666666666666643e+01,5.265697827151472055e-03
1.133333333333333393e+01,5.367677438334661488e-03
1.134999999999999964e+01,5.480947274515868273e-03
1.136666666666666714e+01,5.605505452891179630e-03
1.138333333333333286e+01,5.741114067485231232e-03
1.140000000000000036e+01,5.887284443879536866e-03
1.141666666666666607e+01,6.043271480146383823e-03
1.143333333333333357e+01,6.208078119325000088e-03
1.144999999999999929e+01,1.699670455403978764e-03
1.146666666666666856e+01,1.878203356293184356e-03
1.148333333333333250e+01,2.061255839086229003e-03
1.150000000000000000e+01,2.247074805879600845e-03
1.151666666666666750e+01,2.433825194120275981e-03
1.153333333333333144e+01,2.619644160913647823e-03
1.155000000000000071e+01,2.802696643706470425e-03
1.156666666666666643e+01,2.981229544595898062e-03
1.158333333333333393e+01,3.153684527112510239e-03
1.159999999999999964e+01,3.318584157672832546e-03
1.161666666666666714e+01,3.474707855405823054e-03
1.163333333333333286e+01,3.621077073060252616e-03
1.165000000000000036e+01,3.756972121274682053e-03
1.166666666666666607e+01,3.881938805738283094e-03
1.168333333333333357e+01,3.995785448398292417e-03
1.169999999999999929e+01,4.098571400652728514e-03
1.171666666666666856e+01,4.190588574183751192e-03
1.173333333333333250e+01,4.272337788025160066e-03
1.175000000000000000e+01,4.344501846542225820e-03
1.176666666666666750e+01,4.407917223927748651e-03
1.178333333333333144e+01,4.463546050720745839e-03
1.180000000000000071e+01,4.512449801260753901e-03
1.181666666666666643e+01,4.555765699700620175e-03
1.183333333333333393e+01,4.594686432442429691e-03
1.184999999999999964e+01,4.630443313925924897e-03
1.186666666666666714e+01,4.664292636423317262e-03
1.188333333333333286e+01,4.697504574826538715e-03
1.190000000000000036e+01,4.731353740750510184e-03
1.191666666666666607e+01,4.767110306253652396e-03
1.193333333333333357e+01,4.806030558095697458e-03
1.194999999999999929e+01,4.849345802830473673e-03
1.196666666666666856e+01,4.898248717046582712e-03
1.198333333333333250e+01,4.953876513733357356e-03
1.200000000000000000e+01,3.363906554052498166e-04
1.201666666666666750e+01,4.085532608923969633e-04
1.203333333333333144e+01,4.903007936305492365e-04
1.205000000000000071e+01,5.263216049044450173e-03
1.206666666666666643e+01,6.850998398930663313e-04
1.208333333333333393e+01,7.989440750455489848e-04
1.209999999999999964e+01,9.239081072485166857e-04
1.211666666666666714e+01,1.059800264519683566e-03
1.213333333333333286e+01,1.206166363723948365e-03
1.215000000000000036e+01,1.362286731960926645e-03
1.216666666666666607e+01,1.527182843675811696e-03
1.218333333333333357e+01,1.699634144642248046e-03
1.219999999999999929e+01,1.878163231459284432e-03
1.221666666666666856e+01,2.061211803626505912e-03
1.223333333333333250e+01,2.247026800692664139e-03
1.225000000000000000e+01,2.433773199307598389e-03
1.226666666666666750e+01,2.619588196373756617e-03
1.228333333333333144e+01,2.802636768540756051e-03
1.230000000000000071e+01,2.981165855358014483e-03
1.231666666666666643e+01,3.153554508548372937e-03
1.233333333333333393e+01,3.318357626894696821e-03
1.234999999999999964e+01,3.474341330746089085e-03
1.236666666666666714e+01,3.620508584442294620e-03
1.238333333333333286e+01,3.756114301973312308e-03
1.240000000000000036e+01,3.880669819360749173e-03
1.241666666666666607e+01,3.993937235711619849e-03
1.243333333333333357e+01,4.095914668262201630e-03
1.244999999999999929e+01,4.186813899080599199e-03
1.246666666666666856e+01,4.267032188724817487e-03
1.248333333333333250e+01,4.337120184795484334e-03
1.250000000000000000e+01,4.397747863876144692e-03
1.251666666666666750e+01,4.449670328416477361e-03
1.253333333333333144e+01,4.493695059200719655e-03
1.255000000000000071e+01,4.530651928545292861e-03
1.256666666666666643e+01,4.561366940975197792e-03
1.258333333333333393e+01,4.586640317725043658e-03
1.259999999999999964e+01,4.607229206271101773e-03
1.261666666666666714e+01,4.623834998090714521e-03
1.263333333333333286e+01,4.637094992183898867e-03
1.265000000000000036e+01,4.647577956980342151e-03
1.266666666666666607e+01,4.655783021100701191e-03
1.268333333333333357e+01,4.662141260654451003e-03
1.269999999999999929e+01,4.667019339871458783e-03
1.271666666666666856e+01,4.670724592859443192e-03
1.273333333333333250e+01,-7.289004077648542079e-06
1.275000000000000000e+01,-5.214438981937519202e-06
1.276666666666666750e+01,-3.685228558092390472e-06
1.278333333333333144e+01,4.678230772195535181e-03
1.280000000000000071e+01,4.679037113266781844e-03
1.281666666666666643e+01,4.679613919745584383e-03
1.283333333333333393e+01,4.680022425833874067e-03
1.284999999999999964e+01,4.680308859454473946e-03
1.286666666666666714e+01,4.680507700714597874e-03
1.288333333333333286e+01,4.680644362180741425e-03
1.290000000000000036e+01,4.680737353562447467e-03
1.291666666666666607e+01,4.680800000000040484e-03
1.293333333333333357e+01,4.680800000000040484e-03
1.294999999999999929e+01,4.680800000000040484e-03
1.296666666666666856e+01,4.680800000000040484e-03
1.298333333333333250e+01,4.680800000000040484e-03
1.300000000000000000e+01,4.680800000000040484e-03
1.301666666666666750e+01,4.680800000000040484e-03
1.303333333333333144e+01,4.680800000000040484e-03
1.305000000000000071e+01,4.680800000000040484e-03
1.306666666666666643e+01,4.680800000000040484e-03
1.308333333333333393e+01,4.680800000000040484e-03
1.309999999999999964e+01,4.680800000000040484e-03
1.311666666666666714e+01,4.680800000000040484e-03
1.313333333333333286e+01,4.680800000000040484e-03
1.315000000000000036e+01,4.680800000000040484e-03
1.316666666666666607e+01,4.680800000000040484e-03
1.318333333333333357e+01,4.680800000000040484e-03
1.319999999999999929e+01,4.680800000000040484e-03
1.321666666666666856e+01,4.680800000000040484e-03
1.323333333333333250e+01,4.680800000000040484e-03
1.325000000000000000e+01,4.680800000000040484e-03
1.326666666666666750e+01,4.680800000000040484e-03
1.328333333333333144e+01,4.680800000000040484e-03
1.330000000000000071e+01,4.680800000000040484e-03
1.331666666666666643e+01,4.680800000000040484e-03
1.333333333333333393e+01,4.680800000000040484e-03
1.334999999999999964e+01,4.680800000000040484e-03
1.336666666666666714e+01,4.680800000000040484e-03
1.338333333333333286e+01,4.680800000000040484e-03
1.340000000000000036e+01,4.680800000000040484e-03
1.341666666666666607e+01,4.680800000000040484e-03
1.343333333333333357e+01,4.680800000000040484e-03
1.344999999999999929e+01,0.000000000000000000e+00
1.346666666666666856e+01,0.000000000000000000e+00
1.348333333333333250e+01,4.680800000000040484e-03
1.350000000000000000e+01,4.680800000000040484e-03
1.351666666666666750e+01,4.680800000000040484e-03
1.353333333333333144e+01,4.680800000000040484e-03
1.355000000000000071e+01,4.680800000000040484e-03
1.356666666666666643e+01,4.680800000000040484e-03
1.358333333333333393e+01,4.680800000000040484e-03
1.359999999999999964e+01,4.680800000000040484e-03
1.361666666666666714e+01,4.680800000000040484e-03
1.363333333333333286e+01,4.680800000000040484e-03
1.365000000000000036e+01,4.680800000000040484e-03
1.366666666666666607e+01,4.680800000000040484e-03
1.368333333333333357e+01,4.680800000000040484e-03
1.369999999999999929e+01,0.000000000000000000e+00
1.371666666666666856e+01,0.000000000000000000e+00
1.373333333333333250e+01,6.264777585585079578e-08
1.375000000000000000e+01,1.556411441949734353e-07
1.376666666666666750e+01,2.923055300030341641e-07
1.378333333333333144e+01,4.911510382843431444e-07
1.380000000000000071e+01,7.775907779894453142e-07
1.381666666666666643e+01,1.186105593520281332e-06
1.383333333333333393e+01,1.762924395354303897e-06
1.384999999999999964e+01,2.569282693043462018e-06
1.386666666666666714e+01,3.685307288892047950e-06
1.388333333333333286e+01,5.214550382381943905e-06
1.390000000000000036e+01,7.289159798862243633e-06
1.391666666666666607e+01,1.007562239019321737e-05
1.393333333333333357e+01,1.378095453685723726e-05
1.394999999999999929e+01,1.865913796850193762e-05
1.396666666666666856e+01,2.501751335870494586e-05
1.398333333333333250e+01,3.322275277106712110e-05
1.400000000000000000e+01,4.370594152414142286e-05
1.401666666666666750e+01,5.696621890205477712e-05
1.403333333333333144e+01,7.357236548566348233e-05
1.405000000000000071e+01,9.416169388987150057e-05
1.406666666666666643e+01,1.194356105769234233e-04
1.408333333333333393e+01,1.502139269744517946e-04
1.409999999999999964e+01,1.872645792289073796e-04
1.411666666666666714e+01,2.314269149377157220e-04
1.413333333333333286e+01,2.835493342507877657e-04
1.415000000000000036e+01,3.444647483130669485e-04
1.416666666666666607e+01,4.149627565501745607e-04
1.418333333333333357e+01,4.957595787693502842e-04
1.419999999999999929e+01,5.874671098446970774e-04
1.421666666666666856e+01,6.905627456237350970e-04
1.423333333333333250e+01,8.053618248984317773e-04
1.425000000000000000e+01,9.319946126902234340e-04
1.426666666666666750e+01,1.070389689875383965e-03
1.428333333333333144e+01,1.220265398416353619e-03
1.430000000000000071e+01,1.381130618114845277e-03
1.431666666666666643e+01,1.552295632683886595e-03
1.433333333333333393e+01,1.732893208175045885e-03
1.434999999999999964e+01,1.921909297817325779e-03
1.436666666666666714e+01,2.118222057988505824e-03
1.438333333333333286e+01,2.320647171365264327e-03
1.440000000000000036e+01,2.527986888010147482e-03
1.441666666666666607e+01,2.739079771490793291e-03
1.443333333333333357e+01,2.952910570681144264e-03
1.444999999999999929e+01,3.168494123825027486e-03
1.446666666666666856e+01,3.385048795612632944e-03
1.448333333333333250e+01,3.601977854104543297e-03
1.450000000000000000e+01,3.818880304433669437e-03
1.451666666666666750e+01,4.035548689065304728e-03
1.453333333333333144e+01,4.251954125878310009e-03
1.455000000000000071e+01,4.468219835328746115e-03
1.456666666666666643e+01,4.684585307288990919e-03
1.458333333333333393e+01,4.901363997746877033e-03
1.459999999999999964e+01,5.118897958316104280e-03
1.461666666666666714e+01,5.337513038918828556e-03
1.463333333333333286e+01,5.557478240881152942e-03
1.465000000000000036e+01,5.778972434902218680e-03
1.466666666666666607e+01,6.002061023276272778e-03
1.468333333333333357e+01,6.226684270090210305e-03
1.469999999999999929e+01,6.452658018619050750e-03
1.471666666666666856e+01,6.679686447411459227e-03
1.473333333333333250e+01,6.907385477475491697e-03
1.475000000000000000e+01,7.135314522524804914e-03
1.476666666666666750e+01,7.363013552588615340e-03
1.478333333333333144e+01,7.590041981381245861e-03
1.480000000000000071e+01,7.816015729909642218e-03
1.481666666666666643e+01,8.040638976724023834e-03
1.483333333333333393e+01,8.263727565098077932e-03
1.484999999999999964e+01,8.485221759118921625e-03
1.486666666666666714e+01,8.705186961081246011e-03
1.488333333333333286e+01,4.242902041683871417e-03
1.490000000000000036e+01,4.460436002253098664e-03
1.491666666666666607e+01,4.677214692711206823e-03
1.493333333333333357e+01,4.893580164671229582e-03
1.494999999999999929e+01,5.109845874121887732e-03
1.496666666666666856e+01,5.326251310934893013e-03
1.498333333333333250e+01,5.542919695566306260e-03
1.500000000000000000e+01,5.759822145895432399e-03
1.501666666666666750e+01,5.976751204387120708e-03
1.503333333333333144e+01,6.193305876174948210e-03
1.505000000000000071e+01,6.408889429318609388e-03
1.506666666666666643e+01,6.622720228509182405e-03
1.508333333333333393e+01,6.833813111989606170e-03
1.509999999999999964e+01,7.041152828634489325e-03
1.511666666666666714e+01,7.243577942011691917e-03
1.513333333333333286e+01,7.439890702182427873e-03
1.515000000000000036e+01,7.628906791824929812e-03
1.516666666666666607e+01,7.809504367316089102e-03
1.518333333333333357e+01,7.980669381885130420e-03
1.519999999999999929e+01,8.141534601583622077e-03
1.521666666666666856e+01,8.291410310124591732e-03
1.523333333333333250e+01,3.748905387310097481e-03
1.525000000000000000e+01,3.875538175101667093e-03
1.526666666666666750e+01,3.990337254376585818e-03
1.528333333333333144e+01,4.093432890155401793e-03
1.530000000000000071e+01,4.185140421230748586e-03
1.531666666666666643e+01,4.265937243449924310e-03
1.533333333333333393e+01,4.336435251687031922e-03
1.534999999999999964e+01,4.397350665749311105e-03
1.536666666666666714e+01,4.449473085062383149e-03
1.538333333333333286e+01,4.493635420771191491e-03
1.540000000000000036e+01,4.530686073025647076e-03
1.541666666666666607e+01,4.561464389423175447e-03
1.543333333333333357e+01,4.586738306110227370e-03
1.544999999999999929e+01,4.607327634514435388e-03
1.546666666666666856e+01,4.623933781098044093e-03
1.548333333333333250e+01,4.637194058476179492e-03
1.550000000000000000e+01,4.647677247229253794e-03
1.551666666666666750e+01,4.655882486641393925e-03
1.553333333333333144e+01,4.662240862031596933e-03
1.555000000000000071e+01,4.667119045463241633e-03
1.556666666666666643e+01,4.670824377609905653e-03
1.558333333333333393e+01,-7.289159798862243633e-06
1.559999999999999964e+01,-5.151905283051760875e-06
1.561666666666666714e+01,-3.529672794488902809e-06
1.563333333333333286e+01,-2.276989652161276467e-06
1.565000000000000036e+01,-1.271794342283527612e-06
1.566666666666666607e+01,-4.085480393989371350e-07
1.568333333333333357e+01,4.084641371804309529e-07
1.569999999999999929e+01,1.271698033100676639e-06
1.571666666666666856e+01,2.276867385742065153e-06
1.573333333333333250e+01,3.529508683097759558e-06
1.575000000000000000e+01,5.151679805415199098e-06
1.576666666666666750e+01,7.288848356434840525e-06
1.578333333333333144e+01,4.690975191891100238e-03
1.580000000000000071e+01,1.378036572052820929e-05
1.581666666666666643e+01,4.699558340722997940e-03
1.583333333333333393e+01,4.705916444440072510e-03
1.584999999999999964e+01,4.714121333268428415e-03
1.586666666666666714e+01,4.724604074108018636e-03
1.588333333333333286e+01,4.737863784916696019e-03
1.590000000000000036e+01,7.356922197199189384e-05
1.591666666666666607e+01,9.415767065967806104e-05
1.593333333333333357e+01,1.194305074725399152e-04
1.594999999999999929e+01,1.501448637108993012e-04
1.596666666666666856e+01,1.871635912897851028e-04
1.598333333333333250e+01,2.312803749038305767e-04
1.600000000000000000e+01,2.833383945650691516e-04
1.601666666666666572e+01,3.441636239118750495e-04
1.603333333333333499e+01,4.145365623717811587e-04
1.605000000000000071e+01,4.951616530586289144e-04
1.606666666666666643e+01,5.866357607191563517e-04
1.608333333333333215e+01,6.894173729350416835e-04
1.610000000000000142e+01,8.037983940514248360e-04
1.611666666666666714e+01,9.298804935446991493e-04
1.613333333333333286e+01,1.067557923429385269e-03
1.614999999999999858e+01,1.216508517018821678e-03
1.616666666666666785e+01,1.376194220601423268e-03
1.618333333333333357e+01,1.545872001547099472e-03
1.619999999999999929e+01,1.724615347239000229e-03
1.621666666666666501e+01,1.911345859396229585e-03
1.623333333333333428e+01,2.104873709690702199e-03
1.625000000000000000e+01,2.303945014407560166e-03
1.626666666666666572e+01,2.507293569980362236e-03
1.628333333333333499e+01,2.713693925723292821e-03
1.630000000000000071e+01,2.922012503951743057e-03
1.631666666666666643e+01,3.131253445318282758e-03
1.633333333333333215e+01,3.340596074506096969e-03
1.635000000000000142e+01,3.549421343343350799e-03
1.636666666666666714e+01,3.757325288583857059e-03
1.638333333333333286e+01,3.964118393904536575e-03
1.639999999999999858e+01,4.169810707794097127e-03
1.641666666666666785e+01,4.374583567611223245e-03
1.643333333333333357e+01,4.578749736909415446e-03
1.644999999999999929e+01,4.782704602010801054e-03
1.646666666666666501e+01,4.986871727050701253e-03
1.648333333333333428e+01,5.191646481297329530e-03
1.650000000000000000e+01,5.397341594611138049e-03
1.651666666666666572e+01,5.604138354844412362e-03
1.653333333333333499e+01,5.812046746386911877e-03
1.655000000000000071e+01,6.020877175811234494e-03
1.656666666666666643e+01,6.230225591692839515e-03
1.658333333333333215e+01,6.439535496596704434e-03
1.660000000000000142e+01,6.647953809570950057e-03
1.661666666666666714e+01,6.854497889437594083e-03
1.663333333333333286e+01,7.058052560241945272e-03
1.664999999999999858e+01,7.257417677583921645e-03
1.666666666666666785e+01,7.451361416031865303e-03
1.668333333333333357e+01,7.638676024551482868e-03
1.669999999999999929e+01,7.818232822645265756e-03
1.671666666666666501e+01,7.989033461422101468e-03
1.673333333333333428e+01,8.150254914611965162e-03
1.675000000000000000e+01,3.620586243957335526e-03
1.676666666666666572e+01,3.761055841917659848e-03
1.678333333333333499e+01,3.890848530193613541e-03
1.680000000000000071e+01,4.010112526718012660e-03
1.681666666666666643e+01,4.119256837136209271e-03
1.683333333333333215e+01,4.218940043482000135e-03
1.685000000000000142e+01,4.310051733013464670e-03
1.686666666666666714e+01,4.393687931314227413e-03
1.688333333333333286e+01,4.471121889232154700e-03
1.689999999999999858e+01,4.543771449988076583e-03
1.691666666666666785e+01,4.613164027393201749e-03
1.693333333333333357e+01,4.680900000000098871e-03
1.694999999999999929e+01,4.748573327507665809e-03
1.696666666666666501e+01,4.817872915517718013e-03
1.698333333333333428e+01,4.890385817727160855e-03
1.700000000000000000e+01,4.967620938632899552e-03
1.701666666666666572e+01,5.050970709432611727e-03
1.703333333333333499e+01,5.141673901603027730e-03
1.705000000000000071e+01,5.240780313792825496e-03
1.706666666666666643e+01,5.349118300366217937e-03
1.708333333333333215e+01,5.467266319979069422e-03
1.710000000000000142e+01,5.595529830501044799e-03
1.711666666666666714e+01,1.053024907686328504e-03
1.713333333333333286e+01,1.201269893497114438e-03
1.714999999999999858e+01,1.358786172857451291e-03
1.716666666666666785e+01,1.524708836632138187e-03
1.718333333333333357e+01,1.697907531008846505e-03
1.719999999999999929e+01,1.877017250699886119e-03
1.721666666666666501e+01,2.060478248308239557e-03
1.723333333333333428e+01,2.246583654841316502e-03
1.725000000000000000e+01,2.433532888590050902e-03
1.726666666666666572e+01,2.619488519769230805e-03
1.728333333333333499e+01,2.802633995930614574e-03
1.730000000000000071e+01,7.662129544595774888e-03
1.731666666666666643e+01,3.153621880674917222e-03
1.733333333333333215e+01,3.318428519853533487e-03
1.735000000000000142e+01,3.474415556120380444e-03
1.736666666666666714e+01,3.620585932514686078e-03
1.738333333333333286e+01,3.756194547108737680e-03
1.739999999999999858e+01,3.880752725484049037e-03
1.741666666666666785e+01,3.994022561665255822e-03
1.743333333333333357e+01,4.096002172848445255e-03
1.744999999999999929e+01,4.186903345625880846e-03
1.746666666666666501e+01,4.267123349043444591e-03
1.748333333333333428e+01,4.337212842464799323e-03
1.750000000000000000e+01,4.397841816787373403e-03
1.751666666666666572e+01,4.449765390592164138e-03
1.753333333333333499e+01,4.493791061915164420e-03
1.755000000000000071e+01,4.530748720801502927e-03
1.756666666666666643e+01,4.561464389422953403e-03
1.758333333333333215e+01,4.586738306110005325e-03
1.760000000000000142e+01,4.607327634514213344e-03
1.761666666666666714e+01,4.623933781097822049e-03
1.763333333333333286e+01,4.637194058475957448e-03
1.764999999999999858e+01,4.647677247229031749e-03
1.766666666666666785e+01,4.655882486641171880e-03
1.768333333333333357e+01,4.662240862031596933e-03
1.769999999999999929e+01,4.667119045463019589e-03
1.771666666666666501e+01,4.670824377609683609e-03
1.773333333333333428e+01,-7.289159799084288238e-06
1.775000000000000000e+01,-5.214550382603988510e-06
1.776666666666666572e+01,-3.685307288892047950e-06
1.778333333333333499e+01,-2.569282693265506623e-06
1.780000000000000071e+01,-1.762924395354303897e-06
1.781666666666666643e+01,-1.186105593742325937e-06
1.783333333333333215e+01,4.680122409221887381e-03
1.785000000000000142e+01,4.680408848961814527e-03
1.786666666666666714e+01,4.680607694469873792e-03
1.788333333333333286e+01,-1.556411444170180403e-07
1.789999999999999858e+01,-6.264777607789540070e-08
1.791666666666666785e+01,0.000000000000000000e+00
1.793333333333333357e+01,0.000000000000000000e+00
1.794999999999999929e+01,0.000000000000000000e+00
1.796666666666666501e+01,0.000000000000000000e+00
1.798333333333333428e+01,0.000000000000000000e+00
1.800000000000000000e+01,4.680900000000098871e-03
1.801666666666666572e+01,0.000000000000000000e+00
1.803333333333333144e+01,0.000000000000000000e+00
1.805000000000000071e+01,4.680900000000098871e-03
1.806666666666666288e+01,4.680900000000098871e-03
1.808333333333332860e+01,4.680900000000098871e-03
1.810000000000000142e+01,4.680900000000098871e-03
1.811666666666666714e+01,4.680900000000098871e-03
1.813333333333333286e+01,0.000000000000000000e+00
1.814999999999999858e+01,4.680900000000098871e-03
1.816666666666666785e+01,4.680900000000098871e-03
1.818333333333333357e+01,0.000000000000000000e+00
1.819999999999999929e+01,6.264643759301691261e-08
1.821666666666666501e+01,4.681055637819175885e-03
1.823333333333333073e+01,4.681192299285541480e-03
1.825000000000000000e+01,4.681391140545443363e-03
1.826666666666666572e+01,4.681677574166043243e-03
1.828333333333333144e+01,4.682086080254332927e-03
1.830000000000000071e+01,1.762886733036594933e-06
1.831666666666666288e+01,2.569227804283258365e-06
1.833333333333332860e+01,3.685228558092390472e-06
1.835000000000000142e+01,5.214438981715474597e-06
1.836666666666666714e+01,7.289004077648542079e-06
1.838333333333333286e+01,4.690975407140474118e-03
1.839999999999999858e+01,4.694680660128680572e-03
1.841666666666666785e+01,1.865873934558948122e-05
1.843333333333333357e+01,2.501697889911724815e-05
1.844999999999999929e+01,3.322204301947628835e-05
1.846666666666666501e+01,4.370500781591957207e-05
1.848333333333333073e+01,5.696500190910391836e-05
1.850000000000000000e+01,7.357079372871666578e-05
1.851666666666666572e+01,9.415968227477478081e-05
1.853333333333333144e+01,1.194330590246206469e-04
1.855000000000000071e+01,1.501480714545255779e-04
1.856666666666666288e+01,1.871049407990987845e-04
1.858333333333332860e+01,2.311296715835631232e-04
1.860000000000000142e+01,2.830521361236737476e-04
1.861666666666666714e+01,3.436798152043341048e-04
1.863333333333333286e+01,4.137678112750009518e-04
1.864999999999999858e+01,4.939861009194412844e-04
1.866666666666666785e+01,5.848853317376168093e-04
1.868333333333333357e+01,6.868627642881985906e-04
1.869999999999999929e+01,8.001301806390692661e-04
1.871666666666666501e+01,9.246856980265061310e-04
1.873333333333333073e+01,1.060291415557745864e-03
1.875000000000000000e+01,1.206458669253951399e-03
1.876666666666666572e+01,1.362442373105343663e-03
1.878333333333333144e+01,1.527245491451889592e-03
1.880000000000000071e+01,1.699634144642026001e-03
1.881666666666666288e+01,1.878163231459284432e-03
1.883333333333332860e+01,2.061211803626283867e-03
1.885000000000000142e+01,2.247026800692442094e-03
1.886666666666666714e+01,2.433773199307598389e-03
1.888333333333333286e+01,2.619588196373756617e-03
1.889999999999999858e+01,2.802636768540756051e-03
1.891666666666666785e+01,2.981165855358014483e-03
1.893333333333333357e+01,3.153554508548150892e-03
1.894999999999999929e+01,3.318357626894696821e-03
1.896666666666666501e+01,3.474341330746089085e-03
1.898333333333333073e+01,3.620508584442294620e-03
1.900000000000000000e+01,3.756114301973312308e-03
1.901666666666666572e+01,3.880669819360971218e-03
1.903333333333333144e+01,3.993937235711619849e-03
1.905000000000000071e+01,4.095914668262423675e-03
1.906666666666666288e+01,4.186813899080599199e-03
1.908333333333332860e+01,4.267032188725039532e-03
1.910000000000000142e+01,4.337120184795706379e-03
1.911666666666666714e+01,4.397747863876144692e-03
1.913333333333333286e+01,4.449670328416477361e-03
1.914999999999999858e+01,4.493695059200941699e-03
1.916666666666666785e+01,4.530651928545292861e-03
1.918333333333333357e+01,4.561366940975197792e-03
1.919999999999999929e+01,4.586640317725265703e-03
1.921666666666666501e+01,4.607229206271323818e-03
1.923333333333333073e+01,4.623834998090714521e-03
1.925000000000000000e+01,4.637094992184120912e-03
1.926666666666666572e+01,4.647577956980342151e-03
1.928333333333333144e+01,4.655783021100701191e-03
1.930000000000000071e+01,4.662141260654451003e-03
1.931666666666666288e+01,4.667019339871458783e-03
1.933333333333332860e+01,4.670724592859443192e-03
1.935000000000000142e+01,-7.289004077648542079e-06
1.936666666666666714e+01,-5.214438981937519202e-06
1.938333333333333286e+01,-3.685228558314435077e-06
1.939999999999999858e+01,-2.569227804505302970e-06
1.941666666666666785e+01,-1.762886733258639538e-06
1.943333333333333357e+01,-1.186080254456101102e-06
1.944999999999999929e+01,-7.775741659443724529e-07
1.946666666666666501e+01,-4.911405455665374120e-07
1.948333333333333073e+01,-2.922992856646544624e-07
1.950000000000000000e+01,4.680644362180741425e-03
1.951666666666666572e+01,4.680737353562225422e-03
1.953333333333333144e+01,4.680800000000040484e-03
1.955000000000000071e+01,4.680800000000040484e-03
1.956666666666666288e+01,4.680800000000040484e-03
1.958333333333332860e+01,0.000000000000000000e+00
1.960000000000000142e+01,0.000000000000000000e+00
1.961666666666666714e+01,0.000000000000000000e+00
1.963333333333333286e+01,0.000000000000000000e+00
1.964999999999999858e+01,0.000000000000000000e+00
1.966666666666666785e+01,0.000000000000000000e+00
1.968333333333333357e+01,0.000000000000000000e+00
1.969999999999999929e+01,0.000000000000000000e+00
1.971666666666666501e+01,0.000000000000000000e+00
1.973333333333333073e+01,0.000000000000000000e+00
1.975000000000000000e+01,0.000000000000000000e+00
1.976666666666666572e+01,0.000000000000000000e+00
1.978333333333333144e+01,0.000000000000000000e+00
1.980000000000000071e+01,0.000000000000000000e+00
1.981666666666666288e+01,0.000000000000000000e+00
1.983333333333332860e+01,0.000000000000000000e+00
1.985000000000000142e+01,0.000000000000000000e+00
1.986666666666666714e+01,0.000000000000000000e+00
1.988333333333333286e+01,0.000000000000000000e+00
1.989999999999999858e+01,0.000000000000000000e+00
1.991666666666666785e+01,0.000000000000000000e+00
1.993333333333333357e+01,0.000000000000000000e+00
1.994999999999999929e+01,0.000000000000000000e+00
1.996666666666666501e+01,0.000000000000000000e+00
1.998333333333333073e+01,0.000000000000000000e+00
2.000000000000000000e+01,0.000000000000000000e+00
