Nome do Arquivo;Área Calculada;Concentração Calculada
CLB05gl 10ul.csv;0,0;0,006697576333714941
CLB05gl 20ul.csv;0,0;0,006697576333714941
CLB05gl 40ul.csv;0,0;0,006697576333714941
CLB05gl 5ul.csv;0,0;0,006697576333714941
DCS_Celobiose_2gL_10uL.csv;0,9553420644471953;0,2489589467792045
DCS_Celobiose_2gL_20uL.csv;1,9371917669999463;0,4979422830772507
DCS_Celobiose_2gL_40uL.csv;3,9210880479004198;1,0010306005698633
DCS_Celobiose_2gL_5uL.csv;0,4746736585908892;0,1270681695736815
DCS_E5106.csv;1,756959383514071;0,4522378743142902
DCS_E5107.csv;1,8286759995920574;0,4704242039456767
DCS_E5108.csv;1,8186666439111132;0,46788597150016514
DCS_E5109.csv;1,8869506465096966;0,4852018384180617
DCS_E511.csv;1,423171529977071;0,36759394849414584
DCS_E5110.csv;1,7628972870342519;0,45374364350200463
DCS_E5111.csv;1,8268841274555574;0,4699698102624018
DCS_E5112.csv;1,610375147832835;0,41506616467917684
DCS_E5113.csv;1,5345193518011266;0,39583019697005173
DCS_E5114.csv;1,457185708754849;0,3762194679514625
DCS_E5115.csv;1,6499131299455434;0,4250924433156321
DCS_E5116.csv;1,57071598256646;0,40500915569180884
DCS_E512.csv;1,476849727399085;0,3812059877358445
DCS_E513.csv;1,4829240368164598;0,38274634754907505
DCS_E514.csv;1,583611870690224;0,4082793723463875
DCS_E515.csv;1,630656877953724;0,4202093274445841
DCS_E5206.csv;1,7654933356471962;0,45440196507929115
DCS_E5207.csv;1,8005369302351684;0,46328852997176323
DCS_E5208.csv;1,898923603093002;0,48823801255725263
DCS_E5209.csv;1,9304369249640716;0,4962293497210703
DCS_E521.csv;1,4173420465360849;0,3661156731203719
DCS_E5210.csv;1,8175916077781964;0,46761335738996207
DCS_E5211.csv;1,8898739684694188;0,48594315193347304
DCS_E5212.csv;1,6824475009639184;0,4333427042460501
DCS_E5213.csv;1,4912303266213072;0,38485270633544766
DCS_E5214.csv;1,5012808950457792;0,38740138975563987
DCS_E5215.csv;1,667409880935585;0,4295293743698967
DCS_E5216.csv;1,6547068379888905;0,42630806055192416
DCS_E522.csv;1,4685973746900152;0,37911330664171133
DCS_E523.csv;1,4828307998752377;0,3827227039663237
DCS_E524.csv;1,6277050790036682;0,41946079256317087
DCS_E525.csv;1,6254515304000015;0,4188893241924091
DCS_E530.csv;1,4312933347559458;0,3696535244611681
DCS_E531.csv;1,3922195393648351;0,3597449570775738
DCS_E533.csv;1,4295775259893904;0,36921841938344013
DCS_E534.csv;1,609891857170335;0,4149436089344044
DCS_E535.csv;1,6514410275564742;0,42547989675550413
DCS_E610.csv;1,9014624520411134;0,4888818291004711
DCS_E611.csv;1,5619720141843072;0,40279180774678963
DCS_E6110.csv;1,4262317656903345;0,3683699814203317
DCS_E6111.csv;1,3661196287167234;0,353126385199055
DCS_E6112.csv;1,3546451635616683;0,3502166215059832
DCS_E6113.csv;1,2139880725159455;0,31454795275608305
DCS_E6114.csv;1,3493838991117788;0,348882438511912
DCS_E6115.csv;1,2277210317423346;0,3180304389212685
DCS_E6116.csv;1,1165184535441954;0,2898310221951331
DCS_E612.csv;1,4532094699340712;0,3752111494634688
DCS_E613.csv;1,490457070577002;0,38465661943006574
DCS_E614.csv;1,4022509991542234;0,3622887948154759
DCS_E615.csv;1,689187165092168;0,4350517886973841
DCS_E616.csv;1,6155201834792239;0,41637087367616454
DCS_E617.csv;1,5781209601477237;0,4068869543188306
DCS_E618.csv;1,6082908702588907;0,41453762107134906
DCS_E620.csv;1,5653158611917795;0,4036397605259432
DCS_E621.csv;1,5575988092671682;0,4016828242152437
DCS_E6210.csv;1,4353093735962792;0,37067193567682466
DCS_E6211.csv;1,3962787466950015;0,3607743152177888
DCS_E6212.csv;1,3878487802935848;0,3586365937782975
DCS_E6213.csv;1,253640854139474;0,32460334294101156
DCS_E6214.csv;1,3738327533034458;0,35508232559185804
DCS_E6215.csv;1,2457943336350012;0,3226135752113323
DCS_E6216.csv;0,0022177243075925893;0,007259960164619051
DCS_E622.csv;1,4608592763769461;0,37715103326159927
DCS_E623.csv;1,5152415381143907;0,3909416133550887
DCS_E624.csv;1,4573353722331266;0,3762574205139032
DCS_E625.csv;1,7032036925810572;0,4386061838032984
DCS_E626.csv;1,632600871365335;0,4207022969531616
DCS_E627.csv;1,6085680788958907;0,41460791730010127
DCS_E628.csv;1,6075887410366685;0,41435957093209996
DCS_E630.csv;1,57673193182296;0,40653471618542486
DCS_E631.csv;1,5749591779296686;0,40608517062092603
DCS_E6310.csv;1,433202993861585;0,3701377872705144
DCS_E6311.csv;1,4006279038644183;0,361877200577239
DCS_E6312.csv;0,0;0,006697576333714941
DCS_E6313.csv;1,3082380655372232;0,33844843125853946
DCS_E6314.csv;1,3739348361427792;0,3551082123705065
DCS_E6315.csv;1,251691028363168;0,3241088944264147
DCS_E6316.csv;1,1347153978441678;0,2944455124683971
DCS_E632.csv;1,4706954373143906;0,37964534594530436
DCS_E633.csv;1,404066639010168;0,36274921565959634
DCS_E634.csv;1,4441357641023345;0,3729101847183565
DCS_E635.csv;1,6858414011744045;0,4342033498166221
DCS_E636.csv;1,6312181973606683;0,4203516701863566
DCS_E637.csv;0,0;0,006697576333714941
DCS_E638.csv;1,5954445234190573;0,41127996739267747
DCS_GLC_12gL_10uL.csv;0,01870572100733335;0,011441085255861894
DCS_GLC_12gL_20uL.csv;0,044185933478555574;0,017902510353994105
DCS_GLC_12gL_40uL.csv;0,07609178458236114;0,025993387434875444
DCS_GLC_12gL_5uL.csv;0,030858770946486154;0,014522928548353457
DCS_Xylose_2gL_10uL.csv;0,0;0,006697576333714941
DCS_Xylose_2gL_20uL.csv;0,0003577383717963015;0,006788293775600492
DCS_Xylose_2gL_40uL.csv;0,0029833491527083513;0,007454111904741777
DCS_Xylose_2gL_5uL.csv;0,0;0,006697576333714941
E3101.csv;0,4144334433391677;0,11179209449448142
E3102.csv;0,42227699196333435;0,11378110859692857
E3103.csv;0,4399297837794455;0,11825760941973558
E3104.csv;0,44422277062125104;0,11934625077062393
E3105.csv;0,4677545348874085;0,1253135766869367
E3106.csv;0,48221975211703816;0,12898175322836178
E3107.csv;0,4442678898863437;0,11935769238447265
E3108.csv;0,47420609323597335;0,12694960154672005
E3109.csv;0,4520006999470937;0,12131862473784492
E3111.csv;0,46975503635768634;0,12582087584794263
E3112.csv;0,4693361482811862;0,12571465169718787
E3113.csv;0,3791854636488342;0,10285370040193599
E3114.csv;0,4988430605800335;0,1331971914880742
E3115.csv;0,523895011099853;0,13955001535203326
E3116.csv;0,5128552331911862;0,13675048225797334
E3117.csv;0,5063372749859455;0,13509761932429548
E3200.csv;0,42970108074750124;0,11566375355740353
E3201.csv;0,4245703518044456;0,11436267254005271
E3202.csv;0,42878233609666777;0,11543077277859823
E3203.csv;0,44317348083916774;0,11908016557448108
E3204.csv;0,46251380351916777;0,12398460059485882
E3205.csv;0,4798479921180567;0,1283803081029935
E3206.csv;0,48298485348481596;0,12917577222196155
E3207.csv;0,4503201010557047;0,12089244839143579
E3208.csv;0,4566721419386862;0,12250323701543228
E3209.csv;0,45934907550676035;0,12318206988475479
E3211.csv;0,46647154838581584;0,1249882292750453
E3212.csv;0,4647812417270474;0,12455959117476094
E3213.csv;0,5066225488020104;0,1351699607695265
E3214.csv;0,48615682814411215;0,12998014058024598
E3215.csv;0,47292119308594555;0,1266237688603812
E3216.csv;0,5212848372737049;0,13888811181846544
E3217.csv;0,49990071271705655;0,13346539726033657
E3300.csv;0,3940385870641678;0,10662024452043124
E3301.csv;0,4053964126294455;0,10950043004677167
E3302.csv;0,43382373741111224;0,116709201560136
E3303.csv;0,42166757547129735;0,11362656910785207
E3305.csv;0,4607906017016493;0,1235476207429272
E3307.csv;0,42807102001826025;0,11525039298125869
E3312.csv;0,41711582886666765;0,11247230990437371
E3313.csv;0,47737819193765846;0,12775400136041745
E3314.csv;0,39390973249158423;0,10658756880509956
E3315.csv;0,46098503343038993;0,1235969259068216
E3316.csv;0,5036053445841677;0,13440484002803435
E3317.csv;0,37567119472833416;0,10196253101195735
E4100.csv;0,3634979538111122;0,09887556757014995
E4101.csv;0,4213981569459363;0,11355824834233114
E4102.csv;0,48032504821314936;0,12850128284877044
E4103.csv;0,46706640837496416;0,12513907743881547
E4104.csv;0,49014426763209384;0,1309912994006062
E4105.csv;0,48023017616314934;0,12847722462532846
E4106.csv;0,43318762367981584;0,11654789202500919
E4107.csv;0,4294350917377742;0,1155963024690259
E4108.csv;0,4423255927263344;0,11886515302154979
E4109.csv;0,4384067266852604;0,11787138346713134
E4110.csv;0,44893617317227885;0,12054150365853482
E4111.csv;0,44491822366511224;0,11952260792452335
E4112.csv;0,45029873456870484;0,12088703014951509
E4113.csv;0,44369847328920475;0,11921329630864706
E4200.csv;0,3671430662760984;0,09979991705088435
E4201.csv;0,4208833999642604;0,11342771317962023
E4202.csv;0,45514840038208454;0,12211683749274335
E4203.csv;0,4612256611669827;0,12365794573145153
E4204.csv;0,506280278542279;0,13508316582426966
E4205.csv;0,48636083503697797;0,13003187387168708
E4206.csv;0,42914367328208436;0,1155224028292258
E4207.csv;0,44794014647164004;0,1202889252340344
E4208.csv;0,45728091485158445;0,12265761330185088
E4209.csv;0,44487405936407515;0,11951140847618731
E4210.csv;0,4384612055449826;0,11788519854312116
E4211.csv;0,46870345071867703;0,1255542084546309
E4212.csv;0,4485431957043066;0,1204418500752916
E4213.csv;0,45526026381164925;0,12214520449212253
E4300.csv;0,3671959912894734;0,09981333809319812
E4301.csv;0,06105515473416684;0,022180308654540366
E4302.csv;0,4849576610416309;0,129676048594295
E4303.csv;0,4788725538608113;0,12813295061944965
E4304.csv;0,48208262395333445;0,12894697944617228
E4305.csv;0,5064040302580475;0,13511454752656538
E4306.csv;0,4384508941196307;0,1178825837100368
E4307.csv;0,41962346742738993;0,11310821193037113
E4308.csv;0,0;0,006697576333714941
E4309.csv;0,0;0,006697576333714941
E4310.csv;0,4646271689295613;0,12452052047071008
E4311.csv;0,4372129849866029;0,1175686672876213
E4312.csv;0,46104514263579743;0,12361216875963876
E4313.csv;0,44080410438856593;0,11847932488360643
E5100.csv;0,30131626368227876;0,08310716164745587
E5200.csv;0,3035438255951676;0,08367204015731285
GLC12gl 10ul.csv;0,06255515426833344;0,022560687532785482
GLC12gl 20ul.csv;0,0;0,006697576333714941
GLC12gl 40ul.csv;0,0;0,006697576333714941
GLC12gl 5ul.csv;0,0;0,006697576333714941
XY02gl 10ul.csv;0,0;0,006697576333714941
XY02gl 20ul.csv;0,0;0,006697576333714941
XY02gl 40ul.csv;0,0;0,006697576333714941
XY02gl 5ul.csv;0,0;0,006697576333714941
glicose_3gl.csv;0,0111852837609028;0,009534007674468251
