time,signal,baseline,corrected
0.0,-2.139149,-0.007216139116106461,-2.131932860883894
0.0166666666666666,-0.82851064,-0.01943724558243902,-0.809073394417561
0.0333333333333333,-0.31829786,-0.03165887610647633,-0.28663898389352366
0.05,-0.12638298,-0.043880942149480316,-0.08250203785051968
0.0666666666666666,-0.04680851,-0.05610335517271288,0.009294845172712882
0.0833333333333333,-0.018723404,-0.06832602663743595,0.04960262263743595
0.1,-0.009361702,-0.08054886800491143,0.07118716600491143
0.1166666666666666,-0.004680851,-0.09277179073640124,0.08809093973640124
0.1333333333333333,0.0,-0.10499470629316729,0.10499470629316729
0.15,0.0,-0.11721752613647149,0.11721752613647149
0.1666666666666666,-0.004680851,-0.12944016172757408,0.12475931072757408
0.1833333333333333,-0.018723404,-0.1416625983696974,0.12293919436969741
0.2,-0.03276596,-0.15388480265277882,0.12111884265277882
0.2166666666666666,-0.04680851,-0.16610666417160241,0.11929815417160242
0.2333333333333333,-0.060851064,-0.17832805129063295,0.11747698729063294
0.25,-0.079574466,-0.1905488112756416,0.11097434527564161
0.2666666666666666,-0.09829787,-0.20276877239243296,0.10447090239243297
0.2833333333333333,-0.11234043,-0.21498774456596548,0.10264731456596547
0.3,-0.13106383,-0.22720551888795576,0.09614168888795577
0.3166666666666666,-0.14510638,-0.23942186701434043,0.09431548701434042
0.3333333333333333,-0.16382979,-0.2516365405117721,0.08780675051177209
0.35,-0.17787234,-0.2638492702285835,0.08597693022858352
0.3666666666666666,-0.19659574,-0.2760597657107242,0.07946402571072422
0.3833333333333333,-0.2106383,-0.28826771467433077,0.07762941467433077
0.4,-0.22468086,-0.30047278249369025,0.07579192249369024
0.4166666666666667,-0.24340425,-0.3126746117249918,0.06927036172499179
0.4333333333333333,-0.2574468,-0.32487282166357273,0.06742602166357275
0.45,-0.27617022,-0.3370670079644221,0.060896787964422106
0.4666666666666667,-0.29021275,-0.3492567422971209,0.05904399229712087
0.4833333333333333,-0.3042553,-0.3614415720307246,0.05718627203072457
0.5,-0.31829786,-0.3736210199922365,0.055323159992236526
0.5166666666666667,-0.33234042,-0.3857945841786116,0.053454164178611596
0.5333333333333333,-0.35106382,-0.39796173758191594,0.046897917581915916
0.55,-0.36042553,-0.41012192808850384,0.049696398088503846
0.5666666666666667,-0.37914893,-0.4222745784959126,0.043125648495912605
0.5833333333333334,-0.3931915,-0.4344190866060335,0.041227586606033484
0.6,-0.40723404,-0.4465548254359325,0.03932078543593248
0.6166666666666667,-0.4212766,-0.4586811435545535,0.037404543554553527
0.6333333333333333,-0.43531916,-0.47079736550521695,0.035478205505216964
0.65,-0.45404255,-0.4829027923499194,0.028860242349919407
0.6666666666666666,-0.4680851,-0.4949967023027576,0.02691160230275763
0.6833333333333333,-0.48212767,-0.5070783514810623,0.024950681481062276
0.7,-0.4961702,-0.5191469747765988,0.022976774776598763
0.7166666666666667,-0.5102128,-0.531201786847565,0.020988986847565005
0.7333333333333333,-0.52425534,-0.5432419832300914,0.01898664323009147
0.75,-0.5382979,-0.5552667418281239,0.01696884182812386
0.7666666666666667,-0.55234045,-0.5672752243681546,0.014934774368154602
0.7833333333333333,-0.56638294,-0.5792665778440007,0.012883637844000706
0.8,-0.5804255,-0.5912399362092275,0.010814436209227507
0.8166666666666667,-0.59446806,-0.6031944219127716,0.008726361912771652
0.8333333333333334,-0.6085106,-0.6151291472904317,0.006618547290431653
0.85,-0.62255317,-0.62704321608428,0.004490046084280053
0.8666666666666667,-0.6365957,-0.6389357248255458,0.00234002482554585
0.8833333333333333,-0.6459574,-0.650805764046553,0.004848364046552978
0.9,-0.65999997,-0.6626524193593061,0.002652449359306086
0.9166666666666666,-0.6740425,-0.6744747724388058,0.0004322724388058363
0.9333333333333332,-0.68340427,-0.6862719019492014,0.0028676319492013658
0.95,-0.6974468,-0.6980428844504395,0.0005960844504394602
0.9666666666666668,-0.7114894,-0.7097867955283244,-0.001702604471675695
0.9833333333333332,-0.72085106,-0.7215027108447777,0.0006516508447776959
1.0,-0.7348936,-0.733189707163638,-0.0017038928363620753
1.0166666666666666,-0.7489362,-0.7448468635894328,-0.004089336410567301
1.0333333333333334,-0.76297873,-0.756473262765958,-0.006505467234041995
1.05,-0.7770213,-0.7680679921062976,-0.008953307893702411
1.0666666666666669,-0.79106385,-0.7796301452799712,-0.011433704720028803
1.0833333333333333,-0.8051064,-0.7911588239283451,-0.013947576071654866
1.1,-0.8144681,-0.8026531389850532,-0.011814961014946834
1.1166666666666667,-0.82851064,-0.814112212104513,-0.014398427895486954
1.1333333333333333,-0.8425532,-0.8255351770039572,-0.017018022996042825
1.15,-0.8519149,-0.8369211805489452,-0.014993719451054877
1.1666666666666667,-0.86595744,-0.8482693838247515,-0.01768805617524849
1.1833333333333331,-0.88,-0.8595789631858543,-0.020421036814145754
1.2,-0.8893617,-0.8708491108636902,-0.01851258913630982
1.2166666666666666,-0.8987234,-0.88207903519112,-0.016644364808879986
1.2333333333333334,-0.9127659,-0.8932679607526269,-0.019497939247373086
1.25,-0.92212766,-0.9044151282820984,-0.01771253171790166
1.2666666666666666,-0.9361702,-0.9155197946064466,-0.02065040539355334
1.2833333333333334,-0.9455319,-0.9265812324784359,-0.018950667521564046
1.3,-0.9548936,-0.9375987305788237,-0.017294869421176307
1.3166666666666669,-0.96425533,-0.9485715933742129,-0.015683736625787037
1.3333333333333333,-0.973617,-0.959499140909087,-0.01411785909091301
1.35,-0.9876596,-0.9703807088052938,-0.01727889119470616
1.3666666666666667,-0.99702126,-0.9812156481942521,-0.01580561180574791
1.3833333333333333,-1.0110638,-0.9920033258088509,-0.0190604741911492
1.4,-1.0204256,-1.0027431242605058,-0.01768247573949422
1.4166666666666667,-1.034468,-1.013434442104914,-0.021033557895085986
1.4333333333333331,-1.0438298,-1.024076693884974,-0.01975310611502601
1.45,-1.0531914,-1.0346693103713613,-0.01852208962863866
1.4666666666666666,-1.067234,-1.045211738766302,-0.022022261233697993
1.4833333333333334,-1.0765958,-1.0557034430877559,-0.020892356912244114
1.5,-1.0859574,-1.0661439045183065,-0.019813495481693533
1.5166666666666666,-1.0953192,-1.0765326216631381,-0.018786578336861925
1.5333333333333334,-1.1046809,-1.086869110658846,-0.017811789341154016
1.55,-1.1187234,-1.097152905072449,-0.02157049492755103
1.5666666666666669,-1.1280851,-1.1073835558516412,-0.020701544148358897
1.5833333333333333,-1.1374468,-1.1175606310888808,-0.019886168911119162
1.6,-1.1468085,-1.1276837158532138,-0.01912478414678609
1.6166666666666667,-1.1561702,-1.1377524118781133,-0.01841778812188677
1.6333333333333333,-1.1655319,-1.1477663373491696,-0.017765562650830402
1.65,-1.1748936,-1.157725126607126,-0.017168473392874084
1.6666666666666667,-1.1842554,-1.1676284297439707,-0.016626970256029328
1.6833333333333331,-1.193617,-1.1774759123365022,-0.016141087663497755
1.7,-1.2029787,-1.1872672551512125,-0.015711444848787615
1.7166666666666666,-1.2123404,-1.19700215381056,-0.015338246189440019
1.7333333333333334,-1.2217021,-1.2066803184102355,-0.015021781589764416
1.75,-1.2310638,-1.2163014730765167,-0.014762326923483338
1.7666666666666666,-1.2404255,-1.2258653557254007,-0.014560144274599285
1.7833333333333334,-1.2497872,-1.2353717178630883,-0.014415482136911795
1.8,-1.259149,-1.2448203244292557,-0.014328675570744354
1.8166666666666669,-1.2685106,-1.2542109536842616,-0.014299646315738324
1.8333333333333333,-1.2778723,-1.2635433971411718,-0.014328902858828263
1.85,-1.2872341,-1.2728174597441213,-0.014416640255878743
1.8666666666666667,-1.2965957,-1.2820329599763627,-0.014562740023637222
1.8833333333333333,-1.3059574,-1.2911897299117048,-0.01476767008829527
1.9,-1.3153192,-1.3002876152227458,-0.015031584777254192
1.9166666666666667,-1.3246808,-1.3093264753724652,-0.015354324627534943
1.9333333333333331,-1.3340425,-1.3183061836642223,-0.015736316335777767
1.95,-1.3434043,-1.32722662717763,-0.016177672822369926
1.9666666666666663,-1.3527659,-1.3360877066173495,-0.01667819338265053
1.9833333333333332,-1.3574468,-1.3448893363205503,-0.012557463679449654
2.0,-1.3668085,-1.3536314441011357,-0.01317705589886442
2.0166666666666666,-1.3761702,-1.3623139709721666,-0.013856229027833455
2.033333333333333,-1.3855319,-1.3709368707871956,-0.014595029212804311
2.05,-1.3902128,-1.3795001100592312,-0.010712689940768794
2.066666666666667,-1.3995744,-1.3880036676474126,-0.011570732352587543
2.083333333333333,-1.4089361,-1.3964475343660707,-0.012488565633929305
2.1,-1.4182979,-1.4048317127915535,-0.0134661872084465
2.1166666666666667,-1.4229788,-1.4131562169643004,-0.009822583035699717
2.1333333333333333,-1.4323404,-1.4214210720540517,-0.010919327945948298
2.15,-1.4417021,-1.429626314276097,-0.01207578572390311
2.1666666666666665,-1.4510639,-1.4377719907673387,-0.013291909232661325
2.183333333333333,-1.4557446,-1.4458581595020275,-0.009886440497972604
2.2,-1.4651064,-1.4538848892185188,-0.011221510781481259
2.216666666666667,-1.4744681,-1.4618522595110295,-0.012615840488970465
2.2333333333333334,-1.4791489,-1.46976036079274,-0.009388539207259905
2.25,-1.4885106,-1.4776092944660775,-0.010901305533922434
2.2666666666666666,-1.4978724,-1.48539917266849,-0.012473227331510017
2.283333333333333,-1.5025532,-1.493130118154469,-0.009423081845530978
2.3,-1.5119148,-1.5008022642776,-0.011112535722400008
2.316666666666667,-1.5212766,-1.5084157547864023,-0.01286084521359765
2.333333333333333,-1.5259575,-1.5159707434594982,-0.009986756540501851
2.35,-1.5306383,-1.523467393521258,-0.007170906478741967
2.3666666666666667,-1.54,-1.5309058772203674,-0.009094122779632619
2.3833333333333333,-1.5446808,-1.538286375297826,-0.006394424702174106
2.4,-1.5540426,-1.5456090763832564,-0.008433523616743654
2.4166666666666665,-1.5587233,-1.5528741762758753,-0.005849123724124716
2.433333333333333,-1.5634042,-1.5600818775034173,-0.003322322496582597
2.45,-1.572766,-1.5672323885417114,-0.005533611458288679
2.466666666666667,-1.5774468,-1.5743259233184341,-0.0031208766815657984
2.4833333333333334,-1.5868084,-1.5813627007468296,-0.0054456992531704
2.5,-1.5914893,-1.5883429443293517,-0.0031463556706483597
2.5166666666666666,-1.600851,-1.5952668820642053,-0.005584117935794719
2.533333333333333,-1.6055319,-1.6021347464099143,-0.003397153590085633
2.55,-1.6148936,-1.608946774369039,-0.005946825630960939
2.566666666666667,-1.6195744,-1.6157032073030089,-0.0038711926969912103
2.583333333333333,-1.6289362,-1.622404291124284,-0.006531908875716086
2.6,-1.633617,-1.629050276496162,-0.004566723503838022
2.6166666666666667,-1.6429787,-1.6356414193056077,-0.007337280694392323
2.6333333333333333,-1.6476595,-1.6421779810472745,-0.005481518952725528
2.65,-1.6523404,-1.6486602287354284,-0.003680171264571541
2.6666666666666665,-1.6617022,-1.655088435035585,-0.006613764964414903
2.683333333333333,-1.6663829,-1.6614628782412992,-0.0049200217587006545
2.7,-1.6757447,-1.6677838423891296,-0.007960857610870509
2.716666666666667,-1.6804255,-1.6740516168915338,-0.006373883108466094
2.7333333333333334,-1.6851064,-1.6802664963962293,-0.004839903603770734
2.75,-1.6897873,-1.686428780512284,-0.0033585194877161495
2.7666666666666666,-1.694468,-1.6925387737096809,-0.0019292262903192192
2.783333333333333,-1.7038298,-1.6985967847897594,-0.005233015210240666
2.8,-1.7085106,-1.7046031266457942,-0.003907473354205937
2.816666666666667,-1.7131915,-1.7105581159724492,-0.002633384027550756
2.833333333333333,-1.7178723,-1.716462073240683,-0.0014102267593170126
2.85,-1.727234,-1.722315322614357,-0.004918677385642889
2.8666666666666667,-1.7319149,-1.7281181917309625,-0.003796708269037552
2.8833333333333333,-1.7365957,-1.7338710116810625,-0.0027246883189375737
2.9,-1.7412766,-1.739574116874191,-0.0017024831258090067
2.9166666666666665,-1.7506382,-1.7452278451346372,-0.0054103548653627875
2.933333333333333,-1.7553191,-1.7508325377354645,-0.004486562264535365
2.95,-1.76,-1.7563885393240186,-0.0036114606759813928
2.966666666666667,-1.7646809,-1.761896197692034,-0.002784702307966125
2.9833333333333334,-1.7693617,-1.7673558633434618,-0.0020058366565380847
3.0,-1.7740425,-1.7727678892306198,-0.00127461076938018
3.0166666666666666,-1.7787234,-1.7781326306235263,-0.0005907693764737321
3.033333333333333,-1.7834042,-1.7834504446887305,4.6244688730379124e-05
3.05,-1.7880851,-1.7887216897617082,0.0006365897617082172
3.066666666666667,-1.792766,-1.793946724715033,0.0011807247150328326
3.083333333333333,-1.7974468,-1.7991259081649056,0.001679108164905685
3.1,-1.8021276,-1.8042595975151814,0.0021319975151814496
3.1166666666666667,-1.8068085,-1.8093481478379496,0.002539647837949577
3.1333333333333333,-1.8114893,-1.8143919110063063,0.002902611006306177
3.15,-1.8114893,-1.8193912348375805,0.007901934837580393
3.1666666666666665,-1.8161702,-1.824346462261134,0.008176262261134104
3.183333333333333,-1.8208511,-1.829257930524709,0.00840683052470892
3.2,-1.8255318,-1.834125970453175,0.008594170453174899
3.216666666666667,-1.8302127,-1.83895090577347,0.008738205773470176
3.2333333333333334,-1.8348936,-1.8437330525195053,0.008839452519505242
3.25,-1.8395745,-1.8484727185307603,0.008898218530760449
3.2666666666666666,-1.8442553,-1.8531702030583488,0.008914903058348855
3.283333333333333,-1.8489362,-1.857825796492342,0.008889596492341889
3.3,-1.853617,-1.8624397802241934,0.00882278022419336
3.316666666666667,-1.8582978,-1.8670124266581947,0.008714626658194558
3.333333333333333,-1.8629787,-1.871543999385981,0.008565299385981051
3.35,-1.8676596,-1.8760347535382158,0.008375153538215718
3.3666666666666667,-1.8723404,-1.880484936166952,0.008144536166952099
3.3833333333333333,-1.8770213,-1.8848947865320267,0.007873486532026686
3.4,-1.8817021,-1.8892645363046776,0.007562436304677567
3.4166666666666665,-1.8863829,-1.8935944097017459,0.0072115097017457774
3.433333333333333,-1.8910638,-1.8978846235640465,0.006820823564046563
3.45,-1.8957447,-1.9021353873926838,0.00639068739268378
3.466666666666667,-1.9004256,-1.906346903357306,0.005921303357306007
3.4833333333333334,-1.9051063,-1.91051936629045,0.00541306629045013
3.5,-1.9051063,-1.9146529636823508,0.009546663682350909
3.5166666666666666,-1.9097872,-1.9187478759434617,0.008960675943461727
3.533333333333333,-1.914468,-1.922804276559021,0.008336276559020916
3.55,-1.9191489,-1.926822332163416,0.007673432163415983
3.566666666666667,-1.9238298,-1.9308022025625418,0.006972402562541724
3.583333333333333,-1.9285107,-1.934744040732775,0.006233340732775039
3.6,-1.9331914,-1.9386479930792797,0.0054565930792798145
3.6166666666666663,-1.9378723,-1.9425141995913795,0.004641899591379506
3.633333333333333,-1.9425532,-1.9463427939373,0.003789593937299829
3.65,-1.9425532,-1.9501339035413416,0.007580703541341549
3.6666666666666665,-1.947234,-1.9538876496872346,0.006653649687234697
3.683333333333333,-1.9519149,-1.9576041479490227,0.005689247949022702
3.7,-1.9565958,-1.961283508597199,0.004687708597198803
3.716666666666667,-1.9612765,-1.9649258366421165,0.0036493366421164186
3.733333333333333,-1.9612765,-1.9685312318011052,0.007254731801105141
3.75,-1.9659574,-1.972099788691838,0.006142388691838141
3.7666666666666666,-1.9706383,-1.975631596896831,0.004993296896830923
3.783333333333333,-1.9753191,-1.9791267412115097,0.0038076412115095604
3.8,-1.98,-1.9825853017432715,0.0025853017432715397
3.816666666666667,-1.98,-1.9860073539333056,0.006007353933305648
3.8333333333333335,-1.9846808,-1.9893929685745917,0.004712168574591669
3.85,-1.9893616,-1.9927422119008962,0.0033806119008961133
3.8666666666666663,-1.9940425,-1.9960551456753313,0.002012645675331326
3.883333333333333,-1.9940425,-1.9993318271844691,0.0052893271844691725
3.9,-1.9987234,-2.0025723092125713,0.0038489092125713054
3.9166666666666665,-1.9987234,-2.0057766400718684,0.007053240071868361
3.933333333333333,-2.0034041,-2.0089448640267484,0.005540764026748413
3.95,-2.008085,-2.01207702137227,0.003992021372269949
3.966666666666667,-2.012766,-2.01517314849319,0.0024071484931900144
3.983333333333333,-2.0174468,-2.018233277980675,0.0007864779806747713
4.0,-2.0174468,-2.0212574391413614,0.0038106391413612606
4.016666666666667,-2.0221276,-2.024245658571659,0.0021180585716589206
4.033333333333333,-2.0268085,-2.0271979604760713,0.0003894604760712461
4.05,-2.0314894,-2.0301143673143054,-0.0013750326856944994
4.066666666666666,-2.0314894,-2.032994900453711,0.0015055004537112282
4.083333333333333,-2.0361702,-2.035839580920986,-0.00033061907901377197
4.1,-2.040851,-2.038648430177091,-0.0022025698229088952
4.116666666666666,-2.045532,-2.0414214708536904,-0.004110529146309716
4.133333333333334,-2.045532,-2.044158727383122,-0.0013732726168780296
4.15,-2.0502129,-2.046860226708628,-0.0033526732913720103
4.166666666666667,-2.0548935,-2.049525998763729,-0.005367501236270833
4.183333333333334,-2.0548935,-2.0521560768306593,-0.002737423169340669
4.2,-2.0595744,-2.0547504978878623,-0.004823902112137457
4.216666666666667,-2.0642552,-2.0573093028732847,-0.006945897126715117
4.233333333333333,-2.0642552,-2.0598325368306254,-0.004422663169374452
4.25,-2.068936,-2.062320249048133,-0.00661575095186695
4.266666666666667,-2.068936,-2.064772493520242,-0.004163506479757828
4.283333333333333,-2.068936,-2.067189329051922,-0.0017466709480777887
4.3,-2.073617,-2.069570819374353,-0.0040461806256471
4.316666666666666,-2.0782979,-2.071917033579239,-0.006380866420760967
4.333333333333333,-2.0829787,-2.0742280466368634,-0.008750653363136518
4.35,-2.0829787,-2.0765039398969733,-0.006474760103026611
4.366666666666666,-2.0876596,-2.078744801603836,-0.008914798396163715
4.383333333333334,-2.0923405,-2.0809507275407464,-0.011389772459253766
4.4,-2.0923405,-2.0831218216759995,-0.009218678324000695
4.416666666666667,-2.0970213,-2.085258196872341,-0.011763103127659047
4.433333333333334,-2.1017022,-2.0873599759322867,-0.01434222406771335
4.45,-2.1017022,-2.0894272924015853,-0.012274907598414764
4.466666666666667,-2.1063828,-2.091460291647995,-0.014922508352004815
4.483333333333333,-2.1063828,-2.0934591316471365,-0.012923668352863515
4.5,-2.1110637,-2.0954239834223642,-0.01563971657763563
4.516666666666667,-2.1157446,-2.0973550314868055,-0.018389568513194732
4.533333333333333,-2.1157446,-2.0992524742955854,-0.01649212570441483
4.55,-2.1204255,-2.1011165248780905,-0.019308975121909544
4.566666666666666,-2.1204255,-2.1029474113955846,-0.017478088604415465
4.583333333333333,-2.1251063,-2.1047453779751355,-0.020360922024864614
4.6,-2.1251063,-2.1065106858025078,-0.01859561419749234
4.616666666666666,-2.1297872,-2.108243614096393,-0.021543585903606832
4.633333333333334,-2.134468,-2.109944461058907,-0.024523538941092937
4.65,-2.139149,-2.1116135447382867,-0.027535455261713526
4.666666666666667,-2.1485107,-2.1132512034164006,-0.0352594965835995
4.683333333333334,-2.1578722,-2.1148577958729344,-0.043014404127065475
4.7,-2.1765957,-2.1164337042143377,-0.06016199578566228
4.716666666666667,-2.1953192,-2.117979334661618,-0.07733986533838211
4.733333333333333,-2.2140424,-2.119495117116566,-0.09454728288343395
4.75,-2.2374468,-2.1209815037412008,-0.11646529625879909
4.766666666666667,-2.2468085,-2.122438967017164,-0.12436953298283626
4.783333333333333,-2.2421277,-2.123867997214981,-0.11825970278501918
4.8,-2.2187233,-2.125269099616011,-0.09345420038398933
4.816666666666666,-2.162553,-2.1266427913730115,-0.03591020862698846
4.833333333333333,-2.0782979,-2.1279895983134907,0.04969169831349074
4.85,-1.9659574,-2.1293100518078325,0.16335265180783254
4.866666666666666,-1.8348936,-2.130604685809666,0.2957110858096659
4.883333333333334,-1.7038298,-2.1318740342949285,0.42804423429492844
4.9,-1.5821277,-2.133118629152908,0.550990929152908
4.916666666666667,-1.4931915,-2.134338998527808,0.6411474985278081
4.933333333333334,-1.4417021,-2.135535665548612,0.6938335655486121
4.95,-1.4370213,-2.1367091474129887,0.6996878474129886
4.966666666666667,-1.4651064,-2.1378599547665678,0.6727535547665677
4.983333333333333,-1.5306383,-2.1389885914624567,0.6083502914624568
5.0,-1.6055319,-2.1400955547829135,0.5345636547829136
5.016666666666667,-1.694468,-2.1411813363456575,0.44671333634565746
5.033333333333333,-1.7787234,-2.14224642380805,0.36352302380805
5.05,-1.8489362,-2.143291298854916,0.29435509885491595
5.066666666666666,-1.914468,-2.1443164350375215,0.2298484350375214
5.083333333333333,-1.9659574,-2.1453222954525737,0.17936489545257372
5.1,-2.008085,-2.1463093302333753,0.13822433023337544
5.116666666666666,-2.040851,-2.1472779739910197,0.10642697399101975
5.133333333333334,-2.0642552,-2.148228643702572,0.08397344370257231
5.15,-2.0829787,-2.149161736915057,0.06618303691505689
5.166666666666667,-2.1017022,-2.15007763075256,0.0483754307525599
5.183333333333334,-2.1110637,-2.150976681786113,0.03991298178611302
5.2,-2.1251063,-2.1518592269511725,0.026752926951172373
5.216666666666667,-2.134468,-2.1527255852367175,0.0182575852367175
5.233333333333333,-2.1438298,-2.1535760602637493,0.009746260263749473
5.25,-2.1531916,-2.1544109436014987,0.001219343601498668
5.266666666666667,-2.1578722,-2.155230518840603,-0.0026416811593970024
5.283333333333333,-2.167234,-2.156035066159395,-0.011198933840605108
5.3,-2.1719148,-2.156824867347115,-0.015089932652885274
5.316666666666666,-2.1765957,-2.1576002111766455,-0.018995488823354556
5.333333333333333,-2.1765957,-2.1583613979392786,-0.018234302060721408
5.35,-2.1812766,-2.1591087421538266,-0.022167857846173256
5.366666666666666,-2.1812766,-2.1598425734096285,-0.021434026590371413
5.383333333333334,-2.1812766,-2.1605632356591293,-0.020713364340870566
5.4,-2.1765957,-2.1612710852718227,-0.015324614728177366
5.416666666666667,-2.1719148,-2.1619664882284333,-0.009948311771566853
5.433333333333334,-2.162553,-2.1626498167337833,9.681673378336697e-05
5.45,-2.1438298,-2.163321445615964,0.01949164561596417
5.466666666666667,-2.1110637,-2.1639817488987405,0.05291804889874063
5.483333333333333,-2.073617,-2.164631096472924,0.0910140964729238
5.5,-2.012766,-2.1652698514127695,0.15250385141276945
5.516666666666667,-1.9331914,-2.1658983678319905,0.23270696783199063
5.533333333333333,-1.8395745,-2.166516989413441,0.3269424894134412
5.55,-1.7225531,-2.167126048480216,0.4445729484802159
5.566666666666666,-1.5961702,-2.1677258659195875,0.5715556659195875
5.583333333333333,-1.4557446,-2.1683167518546345,0.7125721518546344
5.6,-1.3153192,-2.1688990071156913,0.8535798071156913
5.616666666666666,-1.1795745,-2.1694729252684732,0.9898984252684733
5.633333333333334,-1.0531914,-2.1700387950539515,1.1168473950539515
5.65,-0.9548936,-2.1705969026518925,1.2157033026518924
5.666666666666667,-0.8753191,-2.1711475327936958,1.2958284327936958
5.683333333333334,-0.82851064,-2.171690968886244,1.343180328886244
5.7,-0.8144681,-2.1722274928663152,1.3577593928663152
5.716666666666667,-0.8191489,-2.172757385072175,1.3536084850721748
5.733333333333333,-0.8519149,-2.1732809241464364,1.3213660241464362
5.75,-0.90340424,-2.1737983869431896,1.2703941469431896
5.766666666666667,-0.95957446,-2.174310048439881,1.2147355884398812
5.783333333333333,-1.0204256,-2.1748161816486453,1.1543905816486453
5.8,-1.0765958,-2.1753170575330123,1.0987212575330123
5.816666666666666,-1.1140425,-2.1758129449325962,1.0617704449325962
5.833333333333333,-1.1374468,-2.1763041105010292,1.0388573105010293
5.85,-1.1374468,-2.176790818661198,1.039344018661198
5.866666666666666,-1.1187234,-2.1772733315792245,1.0585499315792246
5.883333333333334,-1.0859574,-2.1777519091596225,1.0917945091596224
5.9,-1.034468,-2.178226809060988,1.143758809060988
5.916666666666667,-0.9782979,-2.178698286730328,1.2004003867303281
5.933333333333334,-0.9268085,-2.179166595453755,1.2523580954537552
5.95,-0.8753191,-2.1796319864184848,1.3043128864184848
5.966666666666667,-0.8425532,-2.1800947087797335,1.3375415087797335
5.983333333333333,-0.82382977,-2.18055500972564,1.3567252397256397
6.0,-0.82382977,-2.181013134533418,1.3571833645334177
6.016666666666667,-0.847234,-2.181469326607077,1.3342353266070768
6.033333333333333,-0.8893617,-2.181923827489365,1.2925621274893648
6.05,-0.9502128,-2.1823768768370755,1.2321640768370754
6.066666666666666,-1.0251064,-2.182828712353869,1.157722312353869
6.083333333333333,-1.1093616,-2.1832795696692804,1.0739179696692804
6.1,-1.1982979,-2.183729682158487,0.985431782158487
6.116666666666666,-1.2872341,-2.1841792807084053,0.8969451807084052
6.133333333333334,-1.380851,-2.184628593441462,0.8037775934414622
6.15,-1.4651064,-2.1850778454184003,0.7199714454184003
6.166666666666667,-1.54,-2.185527258347509,0.6455272583475091
6.183333333333334,-1.5961702,-2.1859770503232094,0.5898068503232095
6.2,-1.6382978,-2.1864274356150806,0.5481296356150807
6.216666666666667,-1.6523404,-2.1868786245221803,0.5345382245221804
6.233333333333333,-1.6382978,-2.1873308233020006,0.5490330233020007
6.25,-1.5961702,-2.187784234178737,0.591614034178737
6.266666666666667,-1.5165957,-2.188239055430963,0.6716433554309631
6.283333333333333,-1.3995744,-2.188695481555239,0.7891210815552387
6.3,-1.2497872,-2.1891537034985125,0.9393665034985124
6.316666666666666,-1.0625532,-2.189613908948605,1.1270607089486049
6.333333333333333,-0.8519149,-2.1900762826691085,1.3381613826691083
6.35,-0.62255317,-2.190541006859186,1.5679878368591862
6.366666666666666,-0.38851064,-2.191008261517645,1.802497621517645
6.383333333333334,-0.15914893,-2.191478224787796,2.032329294787796
6.4,0.056170214,-2.191951073263186,2.2481212872631864
6.416666666666667,0.2387234,-2.1924269822347267,2.4311503822347267
6.433333333333334,0.37914893,-2.1929061258741536,2.5720550558741535
6.45,0.4774468,-2.193388677357858,2.670835477357858
6.466666666666667,0.52425534,-2.193874808940397,2.718130148940397
6.483333333333333,0.51957446,-2.1943646919921442,2.713939151992144
6.5,0.4680851,-2.194858497012289,2.662943597012289
6.516666666666667,0.3744681,-2.1953563936224887,2.5698244936224888
6.533333333333333,0.24340425,-2.195858550545023,2.4392628005450234
6.55,0.084255315,-2.1963651355657907,2.2806204505657908
6.566666666666666,-0.09361702,-2.1968763154817927,2.103259295481793
6.583333333333333,-0.28085107,-2.197392256030055,1.9165411860300552
6.6,-0.47276595,-2.1979131217973933,1.7251471717973934
6.616666666666666,-0.65999997,-2.198439076107345,1.538439106107345
6.633333333333334,-0.8425532,-2.198970280878155,1.356417080878155
6.65,-1.0110638,-2.199506896447363,1.188443096447363
6.666666666666667,-1.1655319,-2.2000490813562017,1.0345171813562017
6.683333333333334,-1.3059574,-2.2005969920830935,0.8946395920830934
6.7,-1.4323404,-2.2011507827105694,0.7688103827105695
6.716666666666667,-1.54,-2.2017106045186434,0.6617106045186434
6.733333333333333,-1.6382978,-2.20227660546289,0.56397880546289
6.75,-1.7225531,-2.202848929502993,0.4802958295029931
6.766666666666667,-1.792766,-2.2034277158022744,0.4106617158022743
6.783333333333333,-1.853617,-2.2040130977894963,0.3503960977894962
6.8,-1.9051063,-2.204605202125861,0.29949890212586094
6.816666666666666,-1.947234,-2.205204147647839,0.2579701476478391
6.833333333333333,-1.98,-2.2058100443730133,0.22581004437301333
6.85,-2.008085,-2.2064229926435353,0.19833799264353535
6.866666666666666,-2.0221276,-2.207043082467889,0.18491548246788891
6.883333333333334,-2.0221276,-2.207670393097704,0.18554279309770383
6.9,-2.0174468,-2.208304992862603,0.19085819286260275
6.916666666666667,-1.9940425,-2.2089469392683654,0.21490443926836544
6.933333333333334,-1.9519149,-2.209596279352029,0.25768137935202895
6.95,-1.8863829,-2.21025305027354,0.3238701502735397
6.966666666666667,-1.7974468,-2.2109172801132124,0.4134704801132125
6.983333333333333,-1.6804255,-2.211588988836258,0.5311634888362582
7.0,-1.54,-2.2122681893726,0.6722681893726001
7.016666666666667,-1.3668085,-2.2129548887510246,0.8461463887510245
7.033333333333333,-1.1748936,-2.2136490892209375,1.0387554892209374
7.05,-0.96425533,-2.2143507892954624,1.2500954592954625
7.066666666666666,-0.7348936,-2.2150599846371795,1.4801663846371795
7.083333333333333,-0.5055319,-2.2157766687570546,1.7102447687570546
7.1,-0.27617022,-2.2165008335341345,1.9403306135341345
7.116666666666666,-0.06553192,-2.217232469543589,2.151700549543589
7.133333333333334,0.12170213,-2.2179715662491883,2.3396736962491884
7.15,0.27617022,-2.218718112110485,2.494888332110485
7.166666666666667,0.3931915,-2.2194720946457753,2.6126635946457752
7.183333333333334,0.47276595,-2.2202335004694285,2.6929994504694283
7.2,0.50085104,-2.2210023153144394,2.7218533553144395
7.216666666666667,0.4868085,-2.2217785240419414,2.7085870240419414
7.233333333333333,0.43063828,-2.2225621106408227,2.653200390640823
7.25,0.33702126,-2.2233530582160097,2.5603743182160095
7.266666666666667,0.2106383,-2.2241513489645612,2.434789648964561
7.283333333333333,0.060851064,-2.224956964139111,2.285808028139111
7.3,-0.11234043,-2.2257698839978475,2.1134294539978473
7.316666666666666,-0.29021275,-2.226590087739573,1.9363773377395728
7.333333333333333,-0.47276595,-2.227417553419329,1.7546516034193291
7.35,-0.65999997,-2.2282522578458077,1.5682522878458078
7.366666666666666,-0.8378723,-2.2290941764519743,1.3912218764519744
7.383333333333334,-1.006383,-2.2299432831351176,1.2235602831351176
7.4,-1.160851,-2.230799550067209,1.0699485500672088
7.416666666666667,-1.3012766,-2.2316629474574237,0.9303863474574237
7.433333333333334,-1.4323404,-2.2325334432634127,0.8001930432634128
7.45,-1.5493617,-2.233411002844807,0.6840493028448069
7.466666666666667,-1.6476595,-2.2342955885466322,0.5866360885466322
7.483333333333333,-1.7412766,-2.235187159161351,0.49391055916135107
7.5,-1.8161702,-2.236085669270314,0.419915469270314
7.516666666666667,-1.8817021,-2.2369910684446217,0.35528896844462166
7.533333333333333,-1.9425532,-2.237903300210335,0.2953501002103349
7.55,-1.9893616,-2.2388223006560826,0.2494607006560825
7.566666666666666,-2.0314894,-2.2397479965899416,0.20825859658994172
7.583333333333333,-2.068936,-2.2406803033990803,0.17174430339908042
7.6,-2.1017022,-2.241619122465489,0.1399169224654888
7.616666666666666,-2.1251063,-2.2425643387174836,0.1174580387174835
7.633333333333334,-2.1485107,-2.2435158186103097,0.09500511861030958
7.65,-2.1719148,-2.2444734088175204,0.0725586088175203
7.666666666666667,-2.1906383,-2.2454369359421826,0.054798635942182816
7.683333333333334,-2.2093618,-2.246406207151539,0.037044407151539005
7.7,-2.2234042,-2.2473810118211466,0.023976811821146526
7.716666666666667,-2.232766,-2.2483611240984667,0.015595124098466862
7.733333333333333,-2.2468085,-2.249346306291559,0.002537806291558642
7.75,-2.2561703,-2.2503363128892886,-0.0058339871107113694
7.766666666666667,-2.2655318,-2.2513308950862463,-0.01420090491375392
7.783333333333333,-2.2748935,-2.252329805656492,-0.022563694343507912
7.8,-2.2795744,-2.253332803979918,-0.026241596020081914
7.816666666666666,-2.2889361,-2.254339661129979,-0.03459643887002084
7.833333333333333,-2.293617,-2.2553501648674277,-0.03826683513257212
7.85,-2.298298,-2.256364124945997,-0.04193387505400281
7.866666666666666,-2.298298,-2.2573813772122424,-0.04091662278775754
7.883333333333334,-2.3029788,-2.2584017852422966,-0.04457701475770337
7.9,-2.3029788,-2.259425239613029,-0.04355356038697078
7.916666666666667,-2.298298,-2.2604516553969707,-0.03784634460302927
7.933333333333334,-2.293617,-2.261480968319685,-0.03213603168031476
7.95,-2.2842553,-2.2625131304748107,-0.021742169525189148
7.966666666666667,-2.2748935,-2.2635481058151274,-0.011345394184872681
7.983333333333333,-2.2514894,-2.264585865728736,0.013096465728736018
8.0,-2.2234042,-2.265626384901767,0.04222218490176699
8.016666666666667,-2.1812766,-2.2666696374256445,0.08539303742564464
8.033333333333333,-2.1297872,-2.2677155934037785,0.1379283934037785
8.05,-2.0642552,-2.2687642160695654,0.2045090160695655
8.066666666666666,-1.9846808,-2.2698154595176403,0.2851346595176403
8.083333333333334,-1.8863829,-2.270869267107988,0.3844863671079879
8.1,-1.7740425,-2.271925570673055,0.49788307067305504
8.116666666666667,-1.6429787,-2.2729842905948905,0.6300055905948905
8.133333333333333,-1.5025532,-2.274045336783188,0.7714921367831882
8.15,-1.348085,-2.275108610561299,0.9270236105612992
8.166666666666666,-1.1889361,-2.2761740072129077,1.0872379072129077
8.183333333333334,-1.0297872,-2.2772414188281194,1.2474542188281195
8.2,-0.8706383,-2.2783107358292556,1.4076724358292556
8.216666666666667,-0.7161702,-2.279381847311162,1.563211647311162
8.233333333333333,-0.5804255,-2.2804546410692734,1.7000291410692734
8.25,-0.4587234,-2.2815290036105127,1.8228056036105127
8.266666666666667,-0.3557447,-2.282604820179739,1.9268601201797388
8.283333333333333,-0.28085107,-2.283681974790038,2.002830904790038
8.3,-0.2293617,-2.2847603502529954,2.0553986502529953
8.316666666666666,-0.20595744,-2.2858398282013357,2.0798823882013355
8.333333333333334,-0.2106383,-2.2869202891032483,2.0762819891032485
8.35,-0.2387234,-2.2880016122651416,2.0492782122651416
8.366666666666667,-0.29489362,-2.2890836758233326,1.9941900558233325
8.383333333333333,-0.36978722,-2.290166356722843,1.9203791367228429
8.4,-0.46340424,-2.2912495306824656,1.8278452906824656
8.416666666666666,-0.5757447,-2.292333072144951,1.716588372144951
8.433333333333334,-0.69276595,-2.2934168542108435,1.6006509042108434
8.45,-0.8191489,-2.2945007485533937,1.4753518485533936
8.466666666666667,-0.9455319,-2.2955846253119363,1.3500527253119363
8.483333333333333,-1.0719149,-2.2966683529602068,1.2247534529602069
8.5,-1.1982979,-2.297751798144436,1.0994538981444362
8.516666666666667,-1.3153192,-2.2988348254896467,0.9835156254896467
8.533333333333333,-1.4276595,-2.2999172973715982,0.8722577973715981
8.55,-1.5306383,-2.3009990736422963,0.7703607736422964
8.566666666666666,-1.6242553,-2.3020800113037247,0.6778247113037248
8.583333333333334,-1.7085106,-2.303159964134915,0.5946493641349149
8.6,-1.7834042,-2.304238782261529,0.520834582261529
8.616666666666667,-1.8489362,-2.3053163116531095,0.45638011165310943
8.633333333333333,-1.9051063,-2.3063923935529798,0.40128609355297984
8.65,-1.9565958,-2.3074668638433757,0.35087106384337563
8.666666666666666,-2.0034041,-2.3085395523065944,0.30513545230659433
8.683333333333334,-2.040851,-2.309610281771826,0.26875928177182606
8.7,-2.073617,-2.3106788670886425,0.2370618670886424
8.716666666666667,-2.1063828,-2.311745113900852,0.20536231390085202
8.733333333333333,-2.134468,-2.3128088171637335,0.1783408171637335
8.75,-2.1578722,-2.3138697594288464,0.15599755942884652
8.766666666666667,-2.1812766,-2.3149277089215525,0.13365110892155263
8.783333333333333,-2.204681,-2.315982417470616,0.11130141747061595
8.8,-2.2234042,-2.3170336186646407,0.0936294186646407
8.816666666666666,-2.2421277,-2.318081026061798,0.07595332606179772
8.833333333333334,-2.2561703,-2.319124331939772,0.06295403193977211
8.85,-2.2702127,-2.3201632066595193,0.04995050665951917
8.866666666666667,-2.2842553,-2.3211972986966893,0.03694199869668946
8.883333333333333,-2.293617,-2.322226235371994,0.028609235371994224
8.9,-2.3029788,-2.3232496244894443,0.020270824489444284
8.916666666666666,-2.3123405,-2.3242670565446284,0.011926556544628486
8.933333333333334,-2.3170211,-2.3252781076420757,0.00825700764207582
8.95,-2.3263829,-2.3262823429554333,-0.0001005570445666848
8.966666666666667,-2.3310637,-2.32727932037951,-0.0037843796204901636
8.983333333333333,-2.3357446,-2.328268594455734,-0.007476005544265973
9.0,-2.3404255,-2.3292497203435167,-0.011175779656483087
9.016666666666667,-2.3451064,-2.3302222574744746,-0.014884142525525501
9.033333333333331,-2.3451064,-2.3311857729280443,-0.013920627071955849
9.05,-2.3497872,-2.332139844375878,-0.01764735562412234
9.066666666666666,-2.3497872,-2.333084062307066,-0.016703137692934078
9.083333333333334,-2.3497872,-2.3340180317489927,-0.015769168251007493
9.1,-2.354468,-2.334941373479281,-0.019526626520718793
9.116666666666667,-2.354468,-2.335853724688775,-0.018614275311224837
9.133333333333333,-2.354468,-2.336754739492889,-0.01771326050711064
9.15,-2.359149,-2.337644089012874,-0.021504910987125925
9.166666666666666,-2.359149,-2.3385214616492433,-0.02062753835075659
9.183333333333334,-2.359149,-2.3393865633437154,-0.01976243665628452
9.2,-2.3638299,-2.3402391177809485,-0.02359078221905131
9.216666666666669,-2.3638299,-2.341078866724984,-0.022751033275015597
9.233333333333333,-2.3638299,-2.341905570531843,-0.021924329468157033
9.25,-2.3685107,-2.342719008565813,-0.025791691434186692
9.266666666666667,-2.3685107,-2.3435189797746494,-0.024991720225350456
9.283333333333331,-2.3731914,-2.3443053031810424,-0.028886096818957707
9.3,-2.3731914,-2.3450778181426095,-0.028113581857390546
9.316666666666666,-2.3731914,-2.3458363847648527,-0.027355015235147384
9.333333333333334,-2.3778722,-2.34658088424362,-0.03129131575638011
9.35,-2.3778722,-2.347311219089184,-0.03056098091081605
9.366666666666667,-2.3778722,-2.348027313455979,-0.029844886544021065
9.383333333333333,-2.3778722,-2.3487291133772055,-0.029143086622794634
9.4,-2.3778722,-2.3494165867773296,-0.02845561322267054
9.416666666666666,-2.3778722,-2.3500897236022142,-0.02778247639778586
9.433333333333334,-2.382553,-2.3507485358867153,-0.03180446411328486
9.45,-2.382553,-2.3513930577254962,-0.031159942274503916
9.466666666666669,-2.382553,-2.3520233452610158,-0.03052965473898439
9.483333333333333,-2.382553,-2.3526394766407352,-0.029913523359264893
9.5,-2.382553,-2.353241552099312,-0.02931144790068796
9.516666666666667,-2.382553,-2.3538296940366696,-0.028723305963330503
9.533333333333331,-2.387234,-2.354404047070755,-0.03282995292924484
9.55,-2.387234,-2.3549647782005643,-0.03226922179943559
9.566666666666666,-2.387234,-2.3555120769723543,-0.03172192302764554
9.583333333333334,-2.387234,-2.356046155634038,-0.03118784436596167
9.6,-2.3919148,-2.3565672492620515,-0.035347550737948374
9.616666666666667,-2.3919148,-2.357075615844336,-0.034839184155663894
9.633333333333333,-2.3919148,-2.3575715363023955,-0.03434326369760443
9.65,-2.3919148,-2.358055314690842,-0.03385948530915783
9.666666666666666,-2.3919148,-2.358527278315363,-0.0333875216846371
9.683333333333334,-2.3919148,-2.358987777763052,-0.03292702223694777
9.7,-2.3919148,-2.3594371869853843,-0.0324776130146156
9.716666666666669,-2.3919148,-2.3598759033867713,-0.03203889661322856
9.733333333333333,-2.3919148,-2.3603043476343473,-0.03161045236565263
9.75,-2.3919148,-2.3607229635613565,-0.031191836438643428
9.766666666666667,-2.3919148,-2.3611322180019974,-0.030782581998002545
9.783333333333331,-2.387234,-2.361532600463375,-0.02570139953662487
9.8,-2.387234,-2.361924622530894,-0.025309377469105776
9.816666666666666,-2.387234,-2.3623088170204563,-0.024925182979543603
9.833333333333334,-2.382553,-2.3626857369033383,-0.01986726309666187
9.85,-2.3778722,-2.363055953630022,-0.014816246369977915
9.866666666666667,-2.3778722,-2.363420054858839,-0.014452145141161221
9.883333333333333,-2.3731914,-2.363778641675344,-0.009412758324656156
9.9,-2.3685107,-2.364132325280686,-0.004378374719313793
9.916666666666666,-2.3638299,-2.3644817232604756,0.0006518232604757479
9.933333333333334,-2.359149,-2.364827455567309,0.005678455567308838
9.95,-2.354468,-2.3651701403697825,0.010702140369782676
9.966666666666669,-2.3451064,-2.365510389896075,0.020403989896074837
9.983333333333333,-2.3404255,-2.3658488064772767,0.025423306477276864
10.0,-2.3357446,-2.3661859787844763,0.03044137878447639
10.016666666666667,-2.3263829,-2.3665224785136707,0.04013957851367067
10.033333333333331,-2.321702,-2.366858857701793,0.045156857701792674
10.05,-2.3123405,-2.3671956465346957,0.05485514653469581
10.066666666666666,-2.3076596,-2.367533351661934,0.059873751661934094
10.083333333333334,-2.3029788,-2.3678724553038535,0.06489365530385349
10.1,-2.293617,-2.368213414895722,0.07459641489572233
10.116666666666667,-2.2889361,-2.3685566632085315,0.07962056320853161
10.133333333333333,-2.2842553,-2.3689026088258345,0.0846473088258346
10.15,-2.2795744,-2.3692516368588175,0.08967723685881746
10.166666666666666,-2.2795744,-2.3696041097941367,0.09002970979413671
10.183333333333334,-2.2748935,-2.369960368099745,0.09506686809974507
10.2,-2.2748935,-2.370320730749178,0.09542723074917792
10.216666666666669,-2.2748935,-2.3706854956266112,0.09579199562661112
10.233333333333333,-2.2748935,-2.3710549397323883,0.09616143973238822
10.25,-2.2795744,-2.3714293192165217,0.09185491921652167
10.266666666666667,-2.2842553,-2.371808869249488,0.0875535692494882
10.283333333333331,-2.2889361,-2.3721938037199974,0.08325770371999752
10.3,-2.293617,-2.37258431479623,0.07896731479623043
10.316666666666666,-2.298298,-2.3729805724245434,0.07468257242454346
10.333333333333334,-2.3029788,-2.373382723646113,0.07040392364611314
10.35,-2.3076596,-2.3737908919425297,0.06613129194252965
10.366666666666667,-2.3170211,-2.374205176674279,0.05718407667427927
10.383333333333333,-2.321702,-2.3746256526350717,0.052923652635071594
10.4,-2.3263829,-2.3750523698394397,0.04866946983943965
10.416666666666666,-2.3357446,-2.375485353585583,0.03974075358558293
10.433333333333334,-2.3404255,-2.3759246051322487,0.035499105132248854
10.45,-2.3451064,-2.376370102652507,0.031263702652506886
10.466666666666669,-2.354468,-2.3768218027441144,0.02235380274411458
10.483333333333333,-2.359149,-2.3772796421295257,0.018130642129525754
10.5,-2.3638299,-2.3777435395912327,0.01391363959123293
10.516666666666667,-2.3685107,-2.378213398392859,0.009702698392858977
10.533333333333331,-2.3731914,-2.3786891090494624,0.00549770904946234
10.55,-2.3778722,-2.3791705523115527,0.0012983523115526197
10.566666666666666,-2.3778722,-2.3796576022290976,0.0017854022290975102
10.583333333333334,-2.382553,-2.380150129134669,-0.002402870865330975
10.6,-2.382553,-2.38064800244775,-0.001904997552250265
10.616666666666667,-2.387234,-2.3811510931865003,-0.0060829068134995445
10.633333333333333,-2.3919148,-2.3816592761262503,-0.010255523873749617
10.65,-2.3919148,-2.382172431778756,-0.009742368221243858
10.666666666666666,-2.3919148,-2.3826904479984714,-0.00922435200152849
10.683333333333334,-2.3919148,-2.3832132212469332,-0.008701578753066652
10.7,-2.3919148,-2.383740657305189,-0.008174142694810982
10.716666666666669,-2.3919148,-2.3842726711912388,-0.007642128808761139
10.733333333333333,-2.3919148,-2.384809186594379,-0.007105613405621103
10.75,-2.3919148,-2.3853501348414556,-0.006564665158544258
10.766666666666667,-2.3919148,-2.3858954533628105,-0.006019346637189393
10.783333333333331,-2.387234,-2.3864450835312647,-0.0007889164687351347
10.8,-2.382553,-2.3869989680919126,0.0044459680919124445
10.816666666666666,-2.3778722,-2.3875570481246076,0.00968484812460746
10.833333333333334,-2.3731914,-2.388119259889648,0.014927859889648065
10.85,-2.3731914,-2.3886855319392066,0.015494131939206568
10.866666666666667,-2.3685107,-2.3892557821851903,0.020745082185190444
10.883333333333333,-2.3638299,-2.3898299150447975,0.026000015044797653
10.9,-2.3638299,-2.3904078187919207,0.02657791879192084
10.916666666666666,-2.359149,-2.39098936324951,0.031840363249509895
10.933333333333334,-2.3638299,-2.391574398211098,0.027744498211098367
10.95,-2.3638299,-2.3921627523630606,0.028332852363060823
10.966666666666669,-2.3685107,-2.3927542328494678,0.024243532849467897
10.983333333333333,-2.3685107,-2.3933486256214715,0.02483792562147169
11.0,-2.3731914,-2.3939456965454795,0.020754296545479445
11.016666666666667,-2.3778722,-2.39454519306246,0.016672993062460062
11.033333333333331,-2.382553,-2.395146845946496,0.012593845946495819
11.05,-2.387234,-2.3957503713865878,0.008516371386587895
11.066666666666666,-2.387234,-2.3963554735152726,0.009121473515272704
11.083333333333334,-2.3919148,-2.39696184675678,0.005047046756780027
11.1,-2.3965957,-2.397569178236826,0.0009734782368258088
11.116666666666667,-2.4012766,-2.3981771502737876,-0.0030994497262124554
11.133333333333333,-2.4012766,-2.3987854426804005,-0.0024911573195995906
11.15,-2.4012766,-2.3993937349982573,-0.0018828650017428394
11.166666666666666,-2.4059575,-2.400001708454258,-0.005955791545741995
11.183333333333334,-2.4059575,-2.4006090477077606,-0.005348452292239347
11.2,-2.4059575,-2.401215442159806,-0.00474205784019377
11.216666666666669,-2.4106383,-2.401820586941138,-0.008817713058861809
11.233333333333333,-2.4106383,-2.4024241836078994,-0.008214116392100568
11.25,-2.4106383,-2.4030259405993686,-0.00761235940063143
11.266666666666667,-2.4106383,-2.403625573534912,-0.007012726465088104
11.283333333333331,-2.4106383,-2.4042228050467416,-0.006415494953258438
11.3,-2.4106383,-2.4048173644708166,-0.005820935529183391
11.316666666666666,-2.4106383,-2.4054089875049107,-0.005229312495089289
11.333333333333334,-2.4106383,-2.405997415950668,-0.004640884049332161
11.35,-2.4106383,-2.4065823972487856,-0.004055902751214369
11.366666666666667,-2.4106383,-2.4071636837769663,-0.0034746162230336886
11.383333333333333,-2.4106383,-2.4077410322950845,-0.002897267704915496
11.4,-2.4106383,-2.4083142030060727,-0.002324096993927327
11.416666666666666,-2.4106383,-2.408882958623723,-0.0017553413762771974
11.433333333333334,-2.4106383,-2.409447063818238,-0.0011912361817620898
11.45,-2.4106383,-2.4100062847791,-0.0006320152209000618
11.466666666666669,-2.4106383,-2.4105603888806733,-7.791111932675676e-05
11.483333333333333,-2.4106383,-2.411109144435856,0.0004708444358558772
11.5,-2.4106383,-2.4116523205230465,0.0010140205230464439
11.516666666666667,-2.4106383,-2.412189686871582,0.0015513868715819612
11.533333333333331,-2.4153192,-2.4127210137907755,-0.0025981862092243624
11.55,-2.4153192,-2.41324607212761,-0.0020731278723897795
11.566666666666666,-2.4153192,-2.4137646334925105,-0.0015545665074894188
11.583333333333334,-2.4153192,-2.4142764700880885,-0.0010427299119113442
11.6,-2.4153192,-2.4147813545364354,-0.0005378454635645014
11.616666666666667,-2.4153192,-2.415279059689923,-4.0140310076708374e-05
11.633333333333333,-2.4153192,-2.415769358410492,0.0004501584104921186
11.65,-2.4153192,-2.416252023302394,0.0009328233023939703
11.666666666666666,-2.4153192,-2.4167268261243398,0.0014076261243398669
11.683333333333334,-2.4153192,-2.4171935372697235,0.001874337269723636
11.7,-2.4106383,-2.4176519250240194,0.007013625024019365
11.716666666666669,-2.4153192,-2.4181017549739816,0.0027825549739817212
11.733333333333333,-2.4153192,-2.4185427892708438,0.003223589270843874
11.75,-2.4153192,-2.4189747862814097,0.0036555862814098283
11.766666666666667,-2.4153192,-2.419397500683942,0.004078300683941993
11.783333333333331,-2.4153192,-2.4198106835662636,0.004491483566263721
11.8,-2.42,-2.4202140829210776,0.00021408292107771842
11.816666666666666,-2.42,-2.420607444570278,0.0006074445702779485
11.833333333333334,-2.4246807,-2.4209905136034413,-0.0036901863965588255
11.85,-2.4246807,-2.4213630361562046,-0.003317663843795504
11.866666666666667,-2.4293616,-2.421724761564102,-0.007636838435897797
11.883333333333333,-2.4340425,-2.4220754447366257,-0.01196705526337416
11.9,-2.4340425,-2.4224148487434594,-0.011627651256540528
11.916666666666666,-2.4434042,-2.4227427471010925,-0.020661452898907307
11.933333333333334,-2.448085,-2.423058926307717,-0.025026073692282935
11.95,-2.452766,-2.4233631883323956,-0.02940281166760439
11.966666666666669,-2.452766,-2.4236553528568727,-0.029110647143127277
11.983333333333333,-2.4574468,-2.4239352591682355,-0.03351154083176455
12.0,-2.4574468,-2.424202767695885,-0.03324403230411521
12.016666666666667,-2.4621277,-2.424457761489908,-0.03766993851009204
12.033333333333331,-2.4621277,-2.424700147095522,-0.03742755290447786
12.05,-2.4621277,-2.4249298553339615,-0.03719784466603837
12.066666666666666,-2.4621277,-2.425146841609758,-0.03698085839024179
12.083333333333334,-2.4574468,-2.42535108578329,-0.0320957142167102
12.1,-2.4574468,-2.4255425917072126,-0.031904208292787395
12.116666666666667,-2.4574468,-2.4257213864153084,-0.03172541358469161
12.133333333333333,-2.452766,-2.4258875192098808,-0.02687848079011923
12.15,-2.448085,-2.4260410605227523,-0.022043939477247587
12.166666666666666,-2.448085,-2.4261821008771047,-0.021902899122895114
12.183333333333334,-2.4434042,-2.4263107494894145,-0.017093450510585306
12.2,-2.4387233,-2.4264271327035205,-0.012296167296479421
12.216666666666669,-2.4387233,-2.42653139223937,-0.012191907760629839
12.233333333333333,-2.4387233,-2.4266236836761235,-0.012099616323876461
12.25,-2.4340425,-2.42670417477496,-0.0073383252250400766
12.266666666666667,-2.4340425,-2.4267730437257167,-0.007269456274283215
12.283333333333331,-2.4340425,-2.426830477401672,-0.007212022598328094
12.3,-2.4293616,-2.4268766696045465,-0.0024849303954534996
12.316666666666666,-2.4293616,-2.426911819442401,-0.002449780557598924
12.333333333333334,-2.4293616,-2.4269361299208896,-0.0024254700791104256
12.35,-2.4293616,-2.426949806673626,-0.002411793326373868
12.366666666666667,-2.4246807,-2.4269530567906754,0.0022723567906752784
12.383333333333333,-2.4246807,-2.4269460879405997,0.002265387940599606
12.4,-2.4246807,-2.426929107581845,0.002248407581844969
12.416666666666666,-2.4246807,-2.426902322158913,0.0022216221589128615
12.433333333333334,-2.4246807,-2.426865936529106,0.0021852365291059606
12.45,-2.4246807,-2.426820153663692,0.002139453663692059
12.466666666666669,-2.4246807,-2.426765174290249,0.002084474290248828
12.483333333333333,-2.4246807,-2.426701196739346,0.0020204967393460116
12.5,-2.4246807,-2.426628416764955,0.0019477167649548655
12.516666666666667,-2.4246807,-2.426547027364155,0.0018663273641550404
12.533333333333331,-2.4246807,-2.426457218849745,0.0017765188497449458
12.55,-2.4246807,-2.4263591791755545,0.0016784791755544148
12.566666666666666,-2.4246807,-2.426253094266218,0.0015723942662178025
12.583333333333334,-2.4246807,-2.4261391483162953,0.0014584483162951578
12.6,-2.4246807,-2.4260175242895174,0.0013368242895173132
12.616666666666667,-2.4246807,-2.4258884045878712,0.0012077045878711168
12.633333333333333,-2.4293616,-2.425751971639876,-0.0036096283601239065
12.65,-2.4293616,-2.425608408721815,-0.003753191278184964
12.666666666666666,-2.4293616,-2.4254579009682096,-0.003903699031790442
12.683333333333334,-2.4293616,-2.425300636343793,-0.004060963656207228
12.7,-2.4340425,-2.42513680682125,-0.008905693178749896
12.716666666666669,-2.4340425,-2.4249666097096263,-0.00907589029037359
12.733333333333333,-2.4340425,-2.424790248934549,-0.00925225106545069
12.75,-2.4340425,-2.424607936441001,-0.009434563558998743
12.766666666666667,-2.4387233,-2.4244198936547177,-0.014303406345282266
12.783333333333331,-2.4387233,-2.42422635293854,-0.014496947061459764
12.8,-2.4387233,-2.424027559117433,-0.014695740882566977
12.816666666666666,-2.4434042,-2.4238237707940296,-0.01958042920597025
12.833333333333334,-2.4434042,-2.423615261400849,-0.019788938599150985
12.85,-2.4434042,-2.423402320523417,-0.02000187947658283
12.866666666666667,-2.448085,-2.4231852549333985,-0.02489974506660131
12.883333333333333,-2.448085,-2.4229643895027584,-0.025120610497241458
12.9,-2.448085,-2.4227400676617084,-0.025344932338291493
12.916666666666666,-2.448085,-2.4225126520120934,-0.02557234798790642
12.933333333333334,-2.4434042,-2.422282524742367,-0.021121675257632866
12.95,-2.4434042,-2.422050087730947,-0.021354112269052816
12.966666666666669,-2.4434042,-2.421815762468299,-0.02158843753170059
12.983333333333333,-2.4387233,-2.4215799898276127,-0.01714331017238724
13.0,-2.4387233,-2.421343229277161,-0.01738007072283887
13.016666666666667,-2.4340425,-2.421105957186754,-0.012936542813245744
13.033333333333331,-2.4340425,-2.4208686644233888,-0.013173835576611115
13.05,-2.4293616,-2.420631853103111,-0.00872974689688899
13.066666666666666,-2.4246807,-2.4203960327181466,-0.004284667281853505
13.083333333333334,-2.42,-2.42016171608856,0.00016171608855986008
13.1,-2.4106383,-2.419929415243544,0.009291115243544201
13.116666666666667,-2.4012766,-2.4196996374340682,0.018423037434068146
13.133333333333333,-2.387234,-2.4194728814777346,0.03223888147773479
13.15,-2.3731914,-2.419249634396186,0.04605823439618595
13.166666666666666,-2.354468,-2.4190303686225554,0.0645623686225556
13.183333333333334,-2.3310637,-2.4188155399068973,0.08775183990689728
13.2,-2.3076596,-2.4186055857799627,0.11094598577996262
13.216666666666669,-2.2795744,-2.4184009248505545,0.13882652485055447
13.233333333333333,-2.2514894,-2.4182019567030113,0.16671255670301122
13.25,-2.2187233,-2.4180090626799915,0.19928576267999132
13.266666666666667,-2.1859574,-2.417822607265693,0.23186520726569304
13.283333333333331,-2.1578722,-2.417642939949234,0.25977073994923394
13.3,-2.1297872,-2.4174703974493474,0.28768319744934745
13.316666666666666,-2.1017022,-2.4173053057646685,0.31560310576466843
13.333333333333334,-2.0829787,-2.4171479818819503,0.3341692818819504
13.35,-2.073617,-2.416998734915277,0.343381734915277
13.366666666666667,-2.0642552,-2.416857866798658,0.35260266679865815
13.383333333333333,-2.0642552,-2.416725672632336,0.3524704726323362
13.4,-2.073617,-2.416602440820796,0.34298544082079596
13.416666666666666,-2.0829787,-2.416488453045518,0.3335097530455182
13.433333333333334,-2.1017022,-2.416383984095455,0.314681784095455
13.45,-2.1204255,-2.4162893015585363,0.2958638015585362
13.466666666666669,-2.1438298,-2.416204665394279,0.272374865394279
13.483333333333333,-2.167234,-2.4161303273419295,0.24889632734192935
13.5,-2.1953192,-2.4160665301167454,0.2207473301167453
13.516666666666667,-2.2187233,-2.416013506411611,0.19729020641161066
13.533333333333331,-2.2421277,-2.415971477718577,0.17384377771857684
13.55,-2.2655318,-2.415940652978204,0.15040885297820372
13.566666666666666,-2.2842553,-2.415921227094967,0.13166592709496694
13.583333333333334,-2.3029788,-2.415913379373066,0.11293457937306606
13.6,-2.321702,-2.415917271970401,0.09421527197040103
13.616666666666667,-2.3357446,-2.415933048356665,0.08018844835666483
13.633333333333333,-2.3451064,-2.4159608319072436,0.0708544319072435
13.65,-2.354468,-2.416000724578466,0.06153272457846626
13.666666666666666,-2.3638299,-2.4160528058187323,0.05222290581873246
13.683333333333334,-2.3685107,-2.4161171316171894,0.04760643161718958
13.7,-2.3731914,-2.4161937338670496,0.04300233386704955
13.716666666666669,-2.3778722,-2.4162826200178342,0.038410420017834124
13.733333333333333,-2.3778722,-2.416383772867066,0.03851157286706597
13.75,-2.382553,-2.4164971506713666,0.03394415067136647
13.766666666666667,-2.382553,-2.4166226873431764,0.03406968734317628
13.783333333333331,-2.387234,-2.4167602929529544,0.029526292952954503
13.8,-2.387234,-2.4169098542444303,0.029675854244430422
13.816666666666666,-2.3919148,-2.417071235370569,0.025156435370568886
13.833333333333334,-2.3919148,-2.4172442785526296,0.02532947855262968
13.85,-2.3919148,-2.4174288049756933,0.02551400497569345
13.866666666666667,-2.3965957,-2.417624615594208,0.02102891559420783
13.883333333333333,-2.3965957,-2.41783149218002,0.021235792180019697
13.9,-2.4012766,-2.4180491983064307,0.01677259830643063
13.916666666666666,-2.4012766,-2.4182774806188063,0.017000880618806224
13.933333333333334,-2.4059575,-2.4185160703392263,0.01255857033922636
13.95,-2.4059575,-2.4187646846249145,0.01280718462491448
13.966666666666669,-2.4106383,-2.419023028184968,0.008384728184967827
13.983333333333333,-2.4106383,-2.419290795003006,0.0086524950030058
14.0,-2.4153192,-2.4195676701950526,0.0042484701950527
14.016666666666667,-2.4153192,-2.419853331829798,0.004534131829798227
14.033333333333331,-2.42,-2.420147452792508,0.00014745279250805154
14.05,-2.42,-2.420449702497133,0.0004497024971330532
14.066666666666666,-2.42,-2.4207597483605805,0.0007597483605805699
14.083333333333334,-2.4246807,-2.4210772571760892,-0.003603442823910896
14.1,-2.4246807,-2.421401896168531,-0.003278803831469279
14.116666666666667,-2.4246807,-2.4217333339286595,-0.002947366071340607
14.133333333333333,-2.4246807,-2.4220712409864764,-0.0026094590135237183
14.15,-2.4246807,-2.4224152902802776,-0.0022654097197225553
14.166666666666666,-2.4246807,-2.4227651572619617,-0.0019155427380384005
14.183333333333334,-2.4246807,-2.4231205199497783,-0.0015601800502218488
14.2,-2.4246807,-2.42348105865525,-0.0011996413447499243
14.216666666666669,-2.4246807,-2.4238464557406743,-0.0008342442593258781
14.233333333333333,-2.4246807,-2.4242163948672246,-0.000464305132775511
14.25,-2.4246807,-2.424590560528363,-9.013947163705183e-05
14.266666666666667,-2.4246807,-2.4249686375787816,0.00028793757878142756
14.283333333333331,-2.4246807,-2.4253503107286623,0.0006696107286621178
14.3,-2.4246807,-2.425735264393623,0.0010545643936228366
14.316666666666666,-2.4246807,-2.426123182625122,0.0014424826251220324
14.333333333333334,-2.4246807,-2.4265137491063893,0.0018330491063891508
14.35,-2.4246807,-2.4269066471989214,0.0022259471989212187
14.366666666666667,-2.4293616,-2.427301560024566,-0.002060039975433803
14.383333333333333,-2.4293616,-2.4276981705682177,-0.0016634294317823262
14.4,-2.4293616,-2.4280961617861263,-0.0012654382138737041
14.416666666666666,-2.4293616,-2.428495216704845,-0.0008663832951549821
14.433333333333334,-2.4293616,-2.428895018495819,-0.0004665815041811072
14.45,-2.4293616,-2.4292952505106555,-6.634948934447493e-05
14.466666666666669,-2.4293616,-2.429695596262116,0.0003339962621158321
14.483333333333333,-2.4293616,-2.4300957393358873,0.000734139335887285
14.5,-2.4293616,-2.430495363218235,0.0011337632182351065
14.516666666666667,-2.4293616,-2.4308941510246527,0.001532551024652662
14.533333333333331,-2.4293616,-2.431291785114663,0.001930185114662919
14.55,-2.4293616,-2.4316879465779797,0.002326346577979699
14.566666666666666,-2.4293616,-2.4320823145772748,0.002720714577274741
14.583333333333334,-2.4293616,-2.4324745656975737,0.0031129656975736886
14.6,-2.4293616,-2.432864373441748,0.003502773441748097
14.616666666666667,-2.4293616,-2.433251407596046,0.0038898075960460687
14.633333333333333,-2.4293616,-2.433635333601966,0.004273733601965812
14.65,-2.4293616,-2.4340158120619515,0.00465421206195149
14.666666666666666,-2.4293616,-2.4343924984903076,0.005030898490307578
14.683333333333334,-2.4293616,-2.434765043252098,0.005403443252097961
14.7,-2.4293616,-2.4351330919300924,0.0057714919300924095
14.716666666666669,-2.4340425,-2.435496286229771,0.0014537862297712145
14.733333333333333,-2.4340425,-2.4358542654949495,0.0018117654949496576
14.75,-2.4387233,-2.43620666878783,-0.0025166312121700507
14.766666666666667,-2.4434042,-2.436553137421315,-0.006851062578684619
14.783333333333331,-2.448085,-2.436893317797826,-0.011191682202174036
14.8,-2.452766,-2.437226864402212,-0.015539135597788079
14.816666666666666,-2.4621277,-2.4375534428008905,-0.02457425719910944
14.833333333333334,-2.4714894,-2.43787273248422,-0.03361666751577985
14.85,-2.4855318,-2.4381844294396475,-0.04734737056035243
14.866666666666667,-2.4948936,-2.438488248326424,-0.0564053516735763
14.883333333333333,-2.5089362,-2.4387839241614553,-0.07015227583854466
14.9,-2.5229788,-2.439071213406456,-0.08390758659354436
14.916666666666666,-2.5370212,-2.439349894379239,-0.09767130562076076
14.933333333333334,-2.5510638,-2.439619767325238,-0.1114440326747621
14.95,-2.5651064,-2.4398806538060236,-0.1252257461939763
14.966666666666669,-2.5744681,-2.440132395748265,-0.1343357042517348
14.983333333333333,-2.5838296,-2.440374854296694,-0.14345474570330596
15.0,-2.5885105,-2.440607908546447,-0.147902591453553
15.016666666666667,-2.5931914,-2.440831454228092,-0.15235994577190803
15.033333333333331,-2.5931914,-2.441045402716184,-0.15214599728381595
15.05,-2.5931914,-2.4412496803843267,-0.15194171961567315
15.066666666666666,-2.5931914,-2.441444228296046,-0.15174717170395402
15.083333333333334,-2.5885105,-2.4416290022228946,-0.14688149777710535
15.1,-2.579149,-2.441803972945688,-0.13734502705431195
15.116666666666667,-2.5744681,-2.4419691268121957,-0.13249897318780413
15.133333333333333,-2.5651064,-2.4421244665098425,-0.1229819334901574
15.15,-2.5510638,-2.4422700120567327,-0.10879378794326744
15.166666666666666,-2.541702,-2.4424058018923067,-0.09929619810769319
15.183333333333334,-2.5323403,-2.4425318941892815,-0.08980840581071847
15.2,-2.518298,-2.4426483681113353,-0.0756496318886648
15.216666666666669,-2.5089362,-2.4427553249509435,-0.06618087504905645
15.233333333333333,-2.4995744,-2.442852889043124,-0.056721510956876386
15.25,-2.4902127,-2.442941208370783,-0.04727149162921673
15.266666666666667,-2.4855318,-2.443020454490849,-0.04251134550915081
15.283333333333331,-2.4761703,-2.443090822088578,-0.033079477911422295
15.3,-2.4714894,-2.443152527838754,-0.028336872161245807
15.316666666666666,-2.4621277,-2.4432058086903017,-0.018921891309698236
15.333333333333334,-2.4574468,-2.4432509196359535,-0.01419588036404651
15.35,-2.452766,-2.4432881310949686,-0.009477868905031439
15.366666666666667,-2.448085,-2.443317726067001,-0.004767273932998695
15.383333333333333,-2.4434042,-2.4433399973961265,-6.42026038732979e-05
15.4,-2.4434042,-2.443355244638682,-4.895536131765965e-05
15.416666666666666,-2.4387233,-2.4433637713576193,0.004640471357619358
15.433333333333334,-2.4387233,-2.443365882299868,0.0046425822998679145
15.45,-2.4387233,-2.4433618809588333,0.004638580958833405
15.466666666666669,-2.4387233,-2.4433520678382377,0.004628767838237735
15.483333333333333,-2.4387233,-2.4433367388474596,0.004613438847459683
15.5,-2.4387233,-2.443316184189607,0.004592884189607016
15.516666666666667,-2.4340425,-2.443290687785344,0.009248187785344086
15.533333333333331,-2.4387233,-2.4432605269634378,0.004537226963437835
15.55,-2.4340425,-2.4432259724530994,0.009183472453099473
15.566666666666666,-2.4387233,-2.4431872888161132,0.004463988816113318
15.583333333333334,-2.4387233,-2.4431447348007795,0.004421434800779611
15.6,-2.4340425,-2.4430985634893885,0.009056063489388588
15.616666666666667,-2.4387233,-2.4430490225278474,0.004325722527847464
15.633333333333333,-2.4387233,-2.4429963540480637,0.0042730540480637735
15.65,-2.4387233,-2.442940794556761,0.0042174945567610145
15.666666666666666,-2.4387233,-2.4428825748049627,0.004159274804962809
15.683333333333334,-2.4387233,-2.4428219196523915,0.004098619652391555
15.7,-2.4340425,-2.4427590479410526,0.0087165479410527
15.716666666666669,-2.4340425,-2.4426941723923,0.008651672392300025
15.733333333333333,-2.4340425,-2.442627499143545,0.008584999143545158
15.75,-2.4340425,-2.442559227569339,0.008516727569339189
15.766666666666667,-2.4340425,-2.442489549755938,0.008447049755937908
15.783333333333331,-2.4340425,-2.442418650274785,0.008376150274785221
15.8,-2.4340425,-2.4423467060223674,0.008304206022367477
15.816666666666666,-2.4340425,-2.4422738857414994,0.008231385741499508
15.833333333333334,-2.4340425,-2.4422003498708147,0.008157849870814804
15.85,-2.4340425,-2.4421262502365155,0.008083750236515641
15.866666666666667,-2.4340425,-2.442051729994176,0.008009229994176081
15.883333333333333,-2.4340425,-2.4419769238204263,0.007934423820426417
15.9,-2.4340425,-2.4419019583544044,0.007859458354404492
15.916666666666666,-2.4340425,-2.4418269524873244,0.007784452487324511
15.933333333333334,-2.4340425,-2.4417520177338763,0.007709517733876403
15.95,-2.4340425,-2.4416772586705875,0.007634758670587605
15.966666666666669,-2.4340425,-2.4416027736807946,0.007560273680794705
15.983333333333333,-2.4387233,-2.44152865534106,0.0028053553410600784
16.0,-2.4387233,-2.441454990844892,0.0027316908448922206
16.016666666666666,-2.4387233,-2.441381862448895,0.0026585624488952853
16.033333333333335,-2.4387233,-2.441309347926466,0.0025860479264658842
16.05,-2.4387233,-2.441237521014143,0.0025142210141431143
16.066666666666666,-2.4387233,-2.4411664518357226,0.0024431518357226345
16.083333333333332,-2.4387233,-2.441096207289214,0.0023729072892142433
16.1,-2.4340425,-2.441026851381731,0.006984351381730924
16.116666666666667,-2.4387233,-2.4409584454973814,0.0022351454973814633
16.133333333333333,-2.4387233,-2.4408910485832225,0.0021677485832225507
16.15,-2.4387233,-2.4408247172383297,0.0021014172383297947
16.166666666666668,-2.4387233,-2.4407595056910294,0.002036205691029469
16.183333333333334,-2.4387233,-2.4406954656493243,0.0019721656493243422
16.2,-2.4387233,-2.4406326464178516,0.0019093464178516761
16.216666666666665,-2.4387233,-2.4405710950285804,0.0018477950285804567
16.233333333333334,-2.4387233,-2.4405108563851883,0.0017875563851883491
16.25,-2.4387233,-2.4404519734210792,0.0017286734210792964
16.266666666666666,-2.4387233,-2.4403944872709893,0.0016711872709893605
16.283333333333335,-2.4387233,-2.440338437456135,0.0016151374561350629
16.3,-2.4387233,-2.4402838620828686,0.0015605620828686995
16.316666666666666,-2.4387233,-2.4402307976440865,0.0015074976440865306
16.333333333333332,-2.4387233,-2.4401792790736403,0.0014559790736403677
16.35,-2.4387233,-2.440129339799247,0.0014060397992472495
16.366666666666667,-2.4387233,-2.44008101179388,0.00135771179387989
16.383333333333333,-2.4387233,-2.440034325883212,0.0013110258832118582
16.4,-2.4387233,-2.4399893116507085,0.0012660116507086094
16.416666666666668,-2.4387233,-2.4399459973561486,0.001222697356148661
16.433333333333334,-2.4387233,-2.4399044098675473,0.0011811098675473808
16.45,-2.4387233,-2.4398645746064647,0.0011412746064647372
16.466666666666665,-2.4387233,-2.4398265155066508,0.0011032155066508231
16.483333333333334,-2.4387233,-2.4397902549860206,0.0010669549860207184
16.5,-2.4387233,-2.439755813931923,0.0010325139319231624
16.516666666666666,-2.4340425,-2.4397232116996848,0.0056807116996848706
16.533333333333335,-2.4387233,-2.439692466124404,0.0009691661244040084
16.55,-2.4387233,-2.4396635935459803,0.000940293545980353
16.566666666666666,-2.4387233,-2.439636608847361,0.0009133088473611828
16.583333333333332,-2.4387233,-2.4396115255059767,0.0008882255059767807
16.6,-2.4387233,-2.4395883556583673,0.0008650556583673641
16.616666666666667,-2.4387233,-2.4395671101779732,0.0008438101779733032
16.633333333333333,-2.4387233,-2.439547798766081,0.0008244987660810388
16.65,-2.4387233,-2.4395304300559157,0.0008071300559158168
16.666666666666668,-2.4387233,-2.4395150117298696,0.000791711729869693
16.683333333333334,-2.4387233,-2.4395015506498527,0.0007782506498528186
16.7,-2.4387233,-2.439490053258903,0.0007667532589028525
16.716666666666665,-2.4387233,-2.4394805258524803,0.0007572258524803921
16.733333333333334,-2.4387233,-2.439472974318716,0.000749674318715865
16.75,-2.4387233,-2.4394674040211024,0.0007441040211024763
16.766666666666666,-2.4387233,-2.4394638195810874,0.000740519581087451
16.783333333333335,-2.4387233,-2.4394622245756716,0.0007389245756717067
16.8,-2.4387233,-2.4394626211650996,0.0007393211650996712
16.816666666666666,-2.4387233,-2.439465009407784,0.0007417094077841746
16.833333333333332,-2.4340425,-2.4394693866788826,0.005426886678882692
16.85,-2.4340425,-2.439475747192532,0.005433247192532242
16.866666666666667,-2.4340425,-2.4394840816277457,0.005441581627745773
16.883333333333333,-2.4340425,-2.4394943768579704,0.00545187685797055
16.9,-2.4340425,-2.4395066157843264,0.005464115784326484
16.916666666666668,-2.4340425,-2.439520777272528,0.0054782772725281426
16.933333333333334,-2.4340425,-2.439536836193513,0.0054943361935131385
16.95,-2.4387233,-2.4395547635677994,0.0008314635677995064
16.966666666666665,-2.4387233,-2.439574526813592,0.0008512268135922874
16.983333333333334,-2.4387233,-2.439596090098672,0.0008727900986720272
17.0,-2.4387233,-2.4396194147960975,0.0008961147960975246
17.016666666666666,-2.4387233,-2.4396444600437563,0.0009211600437564194
17.033333333333335,-2.4387233,-2.4396711834078104,0.0009478834078104903
17.05,-2.4387233,-2.43969954123342,0.0009762412334199944
17.066666666666666,-2.4387233,-2.439729488925864,0.0010061889258641266
17.083333333333332,-2.4387233,-2.4397609814039223,0.0010376814039223525
17.1,-2.4387233,-2.4397939733107457,0.001070673310745729
17.116666666666667,-2.4387233,-2.439828418982278,0.0011051189822781637
17.133333333333333,-2.4387233,-2.4398642721732635,0.001140972173263588
17.15,-2.4387233,-2.4399014852843974,0.0011781852843975038
17.166666666666668,-2.4387233,-2.4399400089061425,0.0012167089061425607
17.183333333333334,-2.4387233,-2.4399797914212487,0.0012564914212487288
17.2,-2.4387233,-2.440020778666029,0.0012974786660291393
17.216666666666665,-2.4340425,-2.440062913650444,0.006020413650444034
17.233333333333334,-2.4340425,-2.4401061363370444,0.006063636337044542
17.25,-2.4340425,-2.4401503834788367,0.00610788347883684
17.266666666666666,-2.4340425,-2.4401955882551034,0.006153088255103523
17.283333333333335,-2.4387233,-2.440241680111271,0.0015183801112712558
17.3,-2.4387233,-2.4402885847876234,0.001565284787623522
17.316666666666666,-2.4387233,-2.4403362245216886,0.0016129245216887078
17.333333333333332,-2.4387233,-2.4403845184091066,0.0016612184091067128
17.35,-2.4387233,-2.4404333829078046,0.001710082907804722
17.366666666666667,-2.4387233,-2.440482732470287,0.0017594324702869812
17.383333333333333,-2.4387233,-2.44053248028888,0.0018091802888799968
17.4,-2.4434042,-2.4405825391387346,-0.0028216608612652294
17.416666666666668,-2.4434042,-2.44063282230342,-0.0027713776965798687
17.433333333333334,-2.4434042,-2.4406832441532784,-0.0027209558467213846
17.45,-2.4434042,-2.4407337208644817,-0.0026704791355181
17.466666666666665,-2.4434042,-2.4407841705814333,-0.0026200294185665385
17.483333333333334,-2.4434042,-2.4408345134137863,-0.002569686586213482
17.5,-2.4434042,-2.440884671651948,-0.0025195283480519137
17.516666666666666,-2.4434042,-2.4409345699292784,-0.002469630070721429
17.533333333333335,-2.4434042,-2.4409841353157873,-0.0024200646842125195
17.55,-2.4434042,-2.441033297328143,-0.0023709026718568005
17.566666666666666,-2.4434042,-2.441081987840782,-0.0023222121592176848
17.583333333333332,-2.4387233,-2.4411301408829287,0.0024068408829287513
17.6,-2.4434042,-2.4411776923063186,-0.0022265076936811568
17.616666666666667,-2.4434042,-2.441224579729716,-0.002179620270283955
17.633333333333333,-2.4434042,-2.4412707424992823,-0.0021334575007174728
17.65,-2.4434042,-2.4413161214089625,-0.0020880785910373234
17.666666666666668,-2.4434042,-2.4413606585789243,-0.0020435414210755454
17.683333333333334,-2.4434042,-2.441404297477203,-0.0019999025227970257
17.7,-2.4434042,-2.4414469830696968,-0.0019572169303030407
17.716666666666665,-2.4434042,-2.4414886620836316,-0.0019155379163682262
17.733333333333334,-2.4434042,-2.441529283369625,-0.0018749166303746456
17.75,-2.4434042,-2.4415687983474696,-0.0018354016525301553
17.766666666666666,-2.4434042,-2.4416071615207233,-0.0017970384792764804
17.783333333333335,-2.448085,-2.441644331301736,-0.006440668698263874
17.8,-2.448085,-2.4416802703118163,-0.006404729688183508
17.816666666666666,-2.448085,-2.4417149458238137,-0.006370054176186191
17.833333333333332,-2.448085,-2.441748330086072,-0.006336669913928006
17.85,-2.448085,-2.4417804005277737,-0.006304599472226169
17.866666666666667,-2.448085,-2.441811139845719,-0.006273860154280886
17.883333333333333,-2.448085,-2.441840535972547,-0.006244464027453045
17.9,-2.448085,-2.441868581926428,-0.006216418073571983
17.916666666666668,-2.4434042,-2.4418952755422376,-0.001508924457762184
17.933333333333334,-2.4434042,-2.441920619084215,-0.0014835809157847102
17.95,-2.4434042,-2.441944618740112,-0.0014595812598878766
17.966666666666665,-2.4434042,-2.441967283996832,-0.0014369160031679762
17.983333333333334,-2.4434042,-2.441988626897551,-0.001415573102448775
18.0,-2.4434042,-2.4420086615933534,-0.0013955384066464127
18.016666666666666,-2.4434042,-2.4420274039485674,-0.0013767960514323718
18.03333333333333,-2.4434042,-2.4420448712148213,-0.0013593287851785263
18.05,-2.4434042,-2.442061081788809,-0.0013431182111909301
18.066666666666663,-2.4434042,-2.4420760550687857,-0.001328144931214137
18.08333333333333,-2.4434042,-2.4420898114247955,-0.0013143885752042728
18.1,-2.4434042,-2.4421023722976414,-0.0013018277023584268
18.116666666666667,-2.4434042,-2.4421137604416083,-0.0012904395583914763
18.133333333333333,-2.4434042,-2.442123999911927,-0.001280200088072725
18.15,-2.4434042,-2.442133116053412,-0.0012710839465879253
18.166666666666668,-2.4434042,-2.442141135490238,-0.0012630645097617688
18.183333333333334,-2.4434042,-2.4421480861168443,-0.0012561138831554963
18.2,-2.4434042,-2.4421539973506436,-0.001250202649356158
18.216666666666665,-2.4434042,-2.4421589002409583,-0.0012452997590415293
18.23333333333333,-2.4434042,-2.442162827449399,-0.001241372550600861
18.25,-2.4434042,-2.442165813116907,-0.0012383868830929678
18.266666666666666,-2.4434042,-2.4421678926326624,-0.0012363073673373748
18.28333333333333,-2.4434042,-2.4421691023200833,-0.0012350976799164748
18.3,-2.4434042,-2.4421694790551123,-0.001234720944887524
18.316666666666663,-2.4434042,-2.4421690598320094,-0.0012351401679904228
18.33333333333333,-2.4387233,-2.4421678812918586,0.0034445812918586505
18.35,-2.4387233,-2.442165978968251,0.0034426789682511227
18.366666666666667,-2.4387233,-2.4421633869316954,0.0034400869316955074
18.383333333333333,-2.4387233,-2.4421601374271207,0.0034368374271207536
18.4,-2.4387233,-2.4421562605196816,0.0034329605196816715
18.416666666666668,-2.4387233,-2.44215178350332,0.0034284835033200345
18.433333333333334,-2.4387233,-2.442146730492918,0.0034234304929179338
18.45,-2.4387233,-2.4421411222000255,0.003417822200025622
18.466666666666665,-2.4387233,-2.442134975892124,0.0034116758921238777
18.48333333333333,-2.4434042,-2.4421283055354124,-0.0012758944645874237
18.5,-2.4387233,-2.4421211221211037,0.003397822121103733
18.516666666666666,-2.4387233,-2.4421134341752064,0.003390134175206505
18.53333333333333,-2.4387233,-2.442105248712598,0.003381948712597893
18.55,-2.4434042,-2.442096571808877,-0.001307628191122845
18.566666666666663,-2.4434042,-2.4420874090507154,-0.0013167909492843854
18.58333333333333,-2.4434042,-2.44207776586469,-0.0013264341353096398
18.6,-2.4434042,-2.4420676477245955,-0.0013365522754043013
18.616666666666667,-2.4434042,-2.442057060237233,-0.0013471397627666803
18.633333333333333,-2.4434042,-2.4420460091066705,-0.0013581908933293363
18.65,-2.4434042,-2.442034499976958,-0.001369700023041709
18.666666666666668,-2.4387233,-2.4420225381533154,0.0032992381533154536
18.683333333333334,-2.4387233,-2.4420101279408835,0.00328682794088353
18.7,-2.4387233,-2.441997272427697,0.003273972427697114
18.716666666666665,-2.4387233,-2.441983973030278,0.003260673030278216
18.73333333333333,-2.4387233,-2.4419702290473424,0.003246929047342473
18.75,-2.4387233,-2.441956037206357,0.0032327372063569726
18.766666666666666,-2.4387233,-2.4419413916085846,0.003218091608584661
18.78333333333333,-2.4387233,-2.441926283811851,0.0032029838118510234
18.8,-2.4387233,-2.441910703051053,0.0031874030510530282
18.816666666666663,-2.4434042,-2.441894636596405,-0.0015095634035948713
18.83333333333333,-2.4434042,-2.4418780702494414,-0.001526129750558436
18.85,-2.4434042,-2.441860988976786,-0.001543211023213864
18.866666666666667,-2.4434042,-2.4418433776817023,-0.0015608223182974612
18.883333333333333,-2.4434042,-2.4418252216924836,-0.0015789783075161878
18.9,-2.4434042,-2.441806507213252,-0.0015976927867478175
18.916666666666668,-2.4434042,-2.4417872217219116,-0.0016169782780881548
18.933333333333334,-2.4434042,-2.4417673543000205,-0.0016368456999793501
18.95,-2.4434042,-2.4417468958793287,-0.0016573041206711103
18.966666666666665,-2.4434042,-2.441725839389743,-0.001678360610256835
18.98333333333333,-2.4434042,-2.4417041797934593,-0.0017000202065404757
19.0,-2.4434042,-2.4416819139900143,-0.0017222860099854742
19.016666666666666,-2.4434042,-2.441659040577004,-0.0017451594229958012
19.03333333333333,-2.4434042,-2.441635559872269,-0.0017686401277305919
19.05,-2.4434042,-2.4416114739366868,-0.0017927260633130437
19.066666666666663,-2.4434042,-2.4415867865975645,-0.0018174134024353528
19.08333333333333,-2.4434042,-2.4415615034726352,-0.0018426965273645735
19.1,-2.4434042,-2.441535631994647,-0.0018685680053529552
19.116666666666667,-2.4434042,-2.441509181436545,-0.0018950185634549754
19.133333333333333,-2.4434042,-2.4414821629372354,-0.0019220370627643923
19.15,-2.4434042,-2.441454589527928,-0.001949610472071761
19.166666666666668,-2.4434042,-2.4414264761590303,-0.001977723840969503
19.183333333333334,-2.4434042,-2.4413978397276033,-0.0020063602723965346
19.2,-2.4434042,-2.4413686991053396,-0.0020355008946602027
19.216666666666665,-2.4434042,-2.4413390751670696,-0.0020651248329301986
19.23333333333333,-2.4434042,-2.4413089908197554,-0.0020952091802444173
19.25,-2.4434042,-2.4412784710319664,-0.0021257289680334246
19.266666666666666,-2.4434042,-2.4412475428638096,-0.0021566571361901765
19.28333333333333,-2.4434042,-2.441216235497284,-0.0021879645027156336
19.3,-2.4434042,-2.4411845802670418,-0.0022196197329580336
19.316666666666663,-2.4434042,-2.4411526109525985,-0.0022515890474013034
19.33333333333333,-2.4434042,-2.441120363925842,-0.002283836074157719
19.35,-2.4434042,-2.44108787816906,-0.0023163218309396605
19.366666666666667,-2.4434042,-2.4410551951787305,-0.002349004821269318
19.383333333333333,-2.4434042,-2.441022358770302,-0.0023818412296976454
19.4,-2.4434042,-2.440989414799193,-0.002414785200806957
19.416666666666668,-2.4434042,-2.4409564108132327,-0.0024477891867671353
19.433333333333334,-2.4434042,-2.440923395651779,-0.002480804348220733
19.45,-2.4387233,-2.4408904190067173,0.0021671190067173995
19.466666666666665,-2.4387233,-2.440857530960582,0.002134230960582073
19.48333333333333,-2.4387233,-2.4408247815170014,0.0021014815170015133
19.5,-2.4387233,-2.4407922201387047,0.002068920138704744
19.516666666666666,-2.4387233,-2.4407598953082923,0.002036595308292366
19.53333333333333,-2.4387233,-2.4407278541270006,0.002004554127000624
19.55,-2.4387233,-2.4406961419666806,0.001972841966680683
19.566666666666663,-2.4387233,-2.440664801929236,0.0019415019292359226
19.58333333333333,-2.4387233,-2.4406338747956715,0.0019105747956715824
19.6,-2.4387233,-2.4406033990587606,0.0018800990587606314
19.616666666666667,-2.4387233,-2.4405734110545545,0.0018501110545545707
19.633333333333333,-2.4387233,-2.440543945207967,0.0018206452079669866
19.65,-2.4387233,-2.440515034407664,0.001791734407663892
19.666666666666668,-2.4387233,-2.440486710104082,0.001763410104082208
19.683333333333334,-2.4387233,-2.4404590023916457,0.001735702391645777
19.7,-2.4434042,-2.4404319400751344,-0.0029722599248653836
19.716666666666665,-2.4387233,-2.4404055507201807,0.0016822507201808001
19.73333333333333,-2.4387233,-2.44037986068787,0.0016565606878700123
19.75,-2.4387233,-2.4403548951534058,0.0016315951534058293
19.766666666666666,-2.4387233,-2.440330678108822,0.001607378108821944
19.78333333333333,-2.4387233,-2.440307232349714,0.00158393234971399
19.8,-2.4387233,-2.4402845794459673,0.0015612794459674006
19.816666666666663,-2.4387233,-2.4402627396964522,0.001539439696452316
19.83333333333333,-2.4387233,-2.4402417320676757,0.0015184320676757679
19.85,-2.4387233,-2.440221574116357,0.0014982741163569457
19.866666666666667,-2.4387233,-2.4402022818959175,0.0014789818959175527
19.883333333333333,-2.4387233,-2.440183869846863,0.0014605698468632689
19.9,-2.4387233,-2.4401663506710407,0.0014430506710407798
19.916666666666668,-2.4387233,-2.4401497356109725,0.001426435610972554
19.933333333333334,-2.4387233,-2.4401340344673312,0.0014107344673313094
19.95,-2.4387233,-2.440119255615513,0.0013959556155129782
19.966666666666665,-2.4387233,-2.4401054060213,0.001382106021300178
19.98333333333333,-2.4387233,-2.4400924912556077,0.001369191255607749
20.0,-2.4387233,-2.440080515508299,0.0013572155082992587
20.016666666666666,-2.4387233,-2.4400694816010713,0.0013461816010713612
20.03333333333333,-2.4387233,-2.440059390999406,0.0013360909994060144
20.05,-2.4387233,-2.4400502438235767,0.0013269438235767872
20.066666666666663,-2.4387233,-2.4400420388587207,0.0013187388587208027
20.08333333333333,-2.4387233,-2.4400347735639647,0.0013114735639647712
20.1,-2.4387233,-2.440028444080613,0.0013051440806131076
20.116666666666667,-2.4387233,-2.440023045239397,0.001299745239397243
20.133333333333333,-2.4387233,-2.440018570566794,0.0012952705667941267
20.15,-2.4387233,-2.440015012290413,0.0012917122904130274
20.166666666666668,-2.4387233,-2.4400123613434612,0.0012890613434612952
20.183333333333334,-2.4387233,-2.4400106073682934,0.001287307368293522
20.2,-2.4387233,-2.440009738719062,0.0012864387190618665
20.216666666666665,-2.4387233,-2.4400097424634613,0.0012864424634613236
20.23333333333333,-2.4387233,-2.440010604383601,0.001287304383601029
20.25,-2.4387233,-2.440012308975997,0.0012890089759971524
20.266666666666666,-2.4387233,-2.4400148394507144,0.001291539450714474
20.28333333333333,-2.4387233,-2.440018177729665,0.0012948777296650782
20.3,-2.4387233,-2.4400223044440805,0.0012990044440805981
20.316666666666663,-2.4387233,-2.440027198931186,0.0013038989311859872
20.33333333333333,-2.4387233,-2.4400328392300765,0.0013095392300765951
20.35,-2.4387233,-2.4400392020768344,0.0013159020768345187
20.366666666666667,-2.4387233,-2.440046262638083,0.0013229626380830695
20.383333333333333,-2.4387233,-2.4400539943887107,0.001330694388710807
20.4,-2.4387233,-2.4400623693793717,0.0013390693793717823
20.416666666666668,-2.4387233,-2.440071358472819,0.001348058472819158
20.433333333333334,-2.4387233,-2.4400809315490823,0.0013576315490824165
20.45,-2.4387233,-2.4400910576795334,0.0013677576795334545
20.466666666666665,-2.4387233,-2.44010170526986,0.0013784052698602167
20.48333333333333,-2.4387233,-2.4401128421719864,0.001389542171986502
20.5,-2.4434042,-2.4401244357649636,-0.0032797642350361755
20.516666666666666,-2.4434042,-2.4401364527439906,-0.0032677472560092014
20.53333333333333,-2.4387233,-2.4401488590233917,0.0014255590233918092
20.55,-2.4387233,-2.4401616197383538,0.0014383197383538437
20.566666666666663,-2.4387233,-2.440174699330186,0.0014513993301861206
20.58333333333333,-2.4387233,-2.4401880616998928,0.001464761699892847
20.6,-2.4387233,-2.440201670414841,0.0014783704148411125
20.616666666666667,-2.4387233,-2.440215488953303,0.001492188953303053
20.633333333333333,-2.4387233,-2.440229480971654,0.0015061809716541141
20.65,-2.4434042,-2.4402436105790106,-0.0031605894209891794
20.666666666666668,-2.4434042,-2.4402578426040877,-0.0031463573959120694
20.683333333333334,-2.4434042,-2.4402721428390577,-0.0031320571609421144
20.7,-2.4434042,-2.4402864782451776,-0.003117721754822167
20.716666666666665,-2.4434042,-2.440300817525955,-0.0031033824740447358
20.73333333333333,-2.4434042,-2.440315131807051,-0.0030890681929487407
20.75,-2.4434042,-2.4403293950019695,-0.003074804998030256
20.766666666666666,-2.4434042,-2.440343584109126,-0.003060615890873919
20.78333333333333,-2.4434042,-2.4403576794250714,-0.0030465205749283797
20.8,-2.4434042,-2.4403716649196014,-0.0030325350803983575
20.816666666666663,-2.4434042,-2.440385528351565,-0.003018671648434612
20.83333333333333,-2.4434042,-2.4403992611253607,-0.0030049388746391514
20.85,-2.4434042,-2.4404128578881528,-0.0029913421118470396
20.866666666666667,-2.4434042,-2.44042631628888,-0.002977883711119844
20.883333333333333,-2.4434042,-2.4404396366534558,-0.002964563346544047
20.9,-2.4434042,-2.44045282159141,-0.002951378408589722
20.916666666666668,-2.4434042,-2.4404658752882304,-0.002938324711769358
20.933333333333334,-2.4387233,-2.44047880290468,0.001755502904679851
20.95,-2.4387233,-2.440491610083077,0.001768310083077207
20.966666666666665,-2.4387233,-2.440504302560554,0.0017810025605542457
20.98333333333333,-2.4387233,-2.440516885889262,0.0017935858892621503
21.0,-2.4387233,-2.440529365263541,0.0018060652635409902
21.016666666666666,-2.4387233,-2.4405417454540306,0.0018184454540306483
21.03333333333333,-2.4387233,-2.4405540308487295,0.0018307308487295337
21.05,-2.4434042,-2.4405662256009952,-0.0028379743990045725
21.066666666666663,-2.4434042,-2.440578333884472,-0.0028258661155278197
21.08333333333333,-2.4434042,-2.440590360254957,-0.002813839745043012
21.1,-2.4434042,-2.4406023101191856,-0.002801889880814201
21.116666666666667,-2.4434042,-2.4406141903105474,-0.0027900096894524218
21.133333333333333,-2.4434042,-2.4406260097717127,-0.0027781902282870696
21.15,-2.4434042,-2.440637780183986,-0.0027664198160137765
21.166666666666668,-2.4434042,-2.440649516383012,-0.0027546836169878297
21.183333333333334,-2.4434042,-2.4406612365608096,-0.002742963439190227
21.2,-2.4434042,-2.440672962254131,-0.0027312377458685866
21.216666666666665,-2.4434042,-2.440684718119118,-0.00271948188088178
21.23333333333333,-2.4434042,-2.4406965314922426,-0.002707668507757166
21.25,-2.4434042,-2.440708431737501,-0.0026957682624986212
21.266666666666666,-2.4434042,-2.440720449801126,-0.002683750198873902
21.28333333333333,-2.4387233,-2.4407326177280417,0.002009317728041804
21.3,-2.4387233,-2.4407449681552955,0.002021668155295586
21.316666666666663,-2.4387233,-2.4407575335366247,0.0020342335366247966
21.33333333333333,-2.4387233,-2.440770345519508,0.0020470455195078507
21.35,-2.4387233,-2.440783434474679,0.0020601344746791206
21.366666666666667,-2.4387233,-2.440796829178069,0.0020735291780691334
21.383333333333333,-2.4387233,-2.4408105566451352,0.002087256645135316
21.4,-2.4387233,-2.440824642117573,0.0021013421175730684
21.416666666666668,-2.4387233,-2.440839109202353,0.0021158092023529917
21.433333333333334,-2.4387233,-2.4408539801630873,0.002130680163087373
21.45,-2.4434042,-2.4408692763636797,-0.00253492363632013
21.466666666666665,-2.4434042,-2.4408850188642486,-0.002519181135751225
21.48333333333333,-2.4434042,-2.4409012291693015,-0.002502970830698281
21.5,-2.4434042,-2.440917929967868,-0.0024862700321319764
21.516666666666666,-2.4434042,-2.4409351457052186,-0.00246905429478117
21.53333333333333,-2.4434042,-2.4409529029861474,-0.0024512970138523826
21.55,-2.4434042,-2.440971230809793,-0.0024329691902069683
21.566666666666663,-2.4434042,-2.440990160635964,-0.002414039364035947
21.58333333333333,-2.4434042,-2.441009726282959,-0.0023944737170409347
21.6,-2.4434042,-2.4410299636568284,-0.0023742363431713542
21.616666666666667,-2.4434042,-2.441050910312061,-0.0023532896879387977
21.633333333333333,-2.4387233,-2.441072604843649,0.002349304843649147
21.65,-2.4387233,-2.441095086110501,0.0023717861105012616
21.666666666666668,-2.4387233,-2.4411183927115614,0.002395092711561464
21.683333333333334,-2.4387233,-2.441142562207708,0.0024192622077081616
21.7,-2.4387233,-2.4411676307718486,0.0024443307718486906
21.716666666666665,-2.4387233,-2.441193632861053,0.002470332861053137
21.73333333333333,-2.4387233,-2.441220600925979,0.002497300925979218
21.75,-2.4387233,-2.4412485651728115,0.002525265172811597
21.766666666666666,-2.4387233,-2.4412775533929545,0.002554253392954564
21.78333333333333,-2.4387233,-2.4413075908757262,0.002584290875726314
21.8,-2.4387233,-2.4413387001582882,0.002615400158288317
21.816666666666663,-2.4434042,-2.4413709010340727,-0.0020332989659270773
21.83333333333333,-2.4387233,-2.4414042108196776,0.0026809108196776954
21.85,-2.4387233,-2.4414386447197396,0.002715344719739665
21.866666666666667,-2.4387233,-2.4414742161296674,0.002750916129667491
21.883333333333333,-2.4387233,-2.4415109368762087,0.0027876368762087544
21.9,-2.4387233,-2.4415488173958497,0.002825517395849797
21.916666666666668,-2.4387233,-2.4415878668510294,0.0028645668510294264
21.933333333333334,-2.4434042,-2.4416280931841614,-0.0017761068158383964
21.95,-2.4434042,-2.4416695031094577,-0.0017346968905420646
21.966666666666665,-2.4434042,-2.441712102042544,-0.0016920979574557293
21.98333333333333,-2.4387233,-2.441755893967859,0.003032593967859043
22.0,-2.4387233,-2.4418008812438416,0.0030775812438417205
22.016666666666666,-2.4387233,-2.4418470643458976,0.0031237643458976727
22.03333333333333,-2.4387233,-2.441894441968511,0.003171141968511204
22.05,-2.4387233,-2.4419430108193367,0.0032197108193368074
22.066666666666663,-2.4387233,-2.4419927651058377,0.00326946510583781
22.08333333333333,-2.4387233,-2.442043696119753,0.0033203961197529885
22.1,-2.4387233,-2.442095791904146,0.0033724919041460133
22.116666666666667,-2.4387233,-2.442149036987792,0.0034257369877921384
22.133333333333333,-2.4387233,-2.4422034121716485,0.003480112171648564
22.15,-2.4387233,-2.442258894773432,0.003535594773432127
22.166666666666668,-2.4387233,-2.4423154590693104,0.00359215906931043
22.183333333333334,-2.4387233,-2.44237307693273,0.0036497769327299423
22.2,-2.4434042,-2.4424317182492388,-0.0009724817507610339
22.216666666666665,-2.4434042,-2.442491351353042,-0.0009128486469576202
22.23333333333333,-2.4434042,-2.4425519434700758,-0.0008522565299240448
22.25,-2.4434042,-2.442613461152401,-0.0007907388475989485
22.266666666666666,-2.4434042,-2.442675870688697,-0.0007283293113027334
22.28333333333333,-2.4434042,-2.4427391384756665,-0.0006650615243333213
22.3,-2.4434042,-2.4428032313351475,-0.0006009686648522639
22.316666666666663,-2.4434042,-2.4428681170211126,-0.0005360829788871868
22.33333333333333,-2.4434042,-2.442933764238517,-0.00047043576148286803
22.35,-2.4434042,-2.4430001425774415,-0.0004040574225583349
22.366666666666667,-2.4434042,-2.443067222347354,-0.00033697765264584234
22.383333333333333,-2.4434042,-2.4431349742963007,-0.00026922570369913856
22.4,-2.4434042,-2.4432033691998525,-0.00020083080014732246
22.416666666666668,-2.4434042,-2.4432723777251004,-0.0001318222748993847
22.433333333333334,-2.4434042,-2.4433419703091803,-6.222969081948193e-05
22.45,-2.4387233,-2.4434121170523424,0.0046888170523424755
22.466666666666665,-2.4434042,-2.4434827876256078,7.858762560797317e-05
22.48333333333333,-2.4434042,-2.4435539511930378,0.00014975119303795026
22.5,-2.4434042,-2.4436255763486474,0.00022137634864760614
22.516666666666666,-2.4434042,-2.4436976310679963,0.000293431067996508
22.53333333333333,-2.4434042,-2.443770082413999,0.00036588241399915233
22.55,-2.4434042,-2.443842896402125,0.0004386964021252382
22.566666666666663,-2.4434042,-2.4439160380098417,0.0005118380098418918
22.58333333333333,-2.4434042,-2.443989471315124,0.0005852713151242028
22.6,-2.4434042,-2.4440631597488576,0.0006589597488577681
22.616666666666667,-2.4434042,-2.444137066706741,0.0007328667067412198
22.633333333333333,-2.4434042,-2.4442111560999074,0.000806956099907552
22.65,-2.4434042,-2.444285392844297,0.0008811928442971073
22.666666666666668,-2.448085,-2.4443597428701835,-0.003725257129816306
22.683333333333334,-2.448085,-2.444434173314739,-0.003650826685261066
22.7,-2.448085,-2.4445086526382935,-0.0035763473617063113
22.716666666666665,-2.448085,-2.4445831506643323,-0.0035018493356675506
22.73333333333333,-2.448085,-2.444657638543248,-0.0034273614567519317
22.75,-2.4434042,-2.444732088378864,0.001327888378864106
22.766666666666666,-2.4434042,-2.444806472923776,0.0014022729237761489
22.78333333333333,-2.4434042,-2.444880765328298,0.0014765653282982072
22.8,-2.4434042,-2.4449549389277845,0.0015507389277846784
22.816666666666663,-2.4434042,-2.445028967053093,0.0016247670530931124
22.83333333333333,-2.4434042,-2.445102822848968,0.0016986228489681565
22.85,-2.4434042,-2.4451764790850907,0.001772279085090922
22.866666666666667,-2.4434042,-2.4452499079445804,0.0018457079445806102
22.883333333333333,-2.448085,-2.4453230811951316,-0.002761918804868202
22.9,-2.448085,-2.445395970482402,-0.002689029517597863
22.916666666666668,-2.448085,-2.4454685477456746,-0.0026164522543252744
22.933333333333334,-2.448085,-2.445540785755828,-0.0025442142441720605
22.95,-2.448085,-2.4456126587756404,-0.0024723412243594645
22.966666666666665,-2.448085,-2.445684142921567,-0.00240085707843285
22.98333333333333,-2.448085,-2.4457552164724667,-0.0023297835275331025
23.0,-2.448085,-2.445825860110023,-0.0022591398899769466
23.016666666666666,-2.448085,-2.4458960570756116,-0.002188942924388204
23.03333333333333,-2.448085,-2.445965793228363,-0.0021192067716366836
23.05,-2.448085,-2.4460350572500307,-0.002049942749969169
23.066666666666663,-2.448085,-2.446103840575568,-0.0019811594244316666
23.08333333333333,-2.448085,-2.4461721367886318,-0.0019128632113680766
23.1,-2.448085,-2.446239941309055,-0.0018450586909448674
23.116666666666667,-2.448085,-2.446307251111296,-0.0017777488887036341
23.133333333333333,-2.448085,-2.4463740644738636,-0.0017109355261362147
23.15,-2.448085,-2.4464403807597237,-0.0016446192402761461
23.166666666666668,-2.448085,-2.4465062002276925,-0.0015787997723073488
23.183333333333334,-2.4434042,-2.446571523874818,0.0031673238748179955
23.2,-2.4434042,-2.446636353309745,0.003232153309745023
23.216666666666665,-2.448085,-2.446700690657069,-0.0013843093429306563
23.23333333333333,-2.448085,-2.446764538492684,-0.0013204615073156845
23.25,-2.448085,-2.446827899810102,-0.0012571001898979972
23.266666666666666,-2.448085,-2.446890778017772,-0.0011942219822276279
23.28333333333333,-2.448085,-2.446953176967374,-0.0011318230326260448
23.3,-2.448085,-2.4470151010130885,-0.001069898986911344
23.316666666666663,-2.448085,-2.4470765551018543,-0.0010084448981455552
23.33333333333333,-2.448085,-2.4471375448945905,-0.0009474551054093894
23.35,-2.448085,-2.4471980769183888,-0.0008869230816110907
23.366666666666667,-2.448085,-2.4472581587496736,-0.0008268412503262823
23.383333333333333,-2.448085,-2.4473177992283177,-0.0007672007716821305
23.4,-2.448085,-2.4473770082816504,-0.0007079917183494544
23.416666666666668,-2.448085,-2.447435796604023,-0.0006492033959766275
23.433333333333334,-2.448085,-2.4474941755976367,-0.0005908244023631326
23.45,-2.448085,-2.4475521573137873,-0.0005328426862125646
23.466666666666665,-2.448085,-2.4476097543945157,-0.0004752456054841758
23.48333333333333,-2.448085,-2.4476669800146436,-0.00041801998535628826
23.5,-2.448085,-2.4477238478241974,-0.0003611521758024594
23.516666666666666,-2.448085,-2.4477803718911946,-0.0003046281088052716
23.53333333333333,-2.448085,-2.447836566644788,-0.00024843335521174126
23.55,-2.448085,-2.4478924468187464,-0.0001925531812534409
23.566666666666663,-2.448085,-2.447948027395268,-0.00013697260473177764
23.58333333333333,-2.448085,-2.448003323549101,-8.167645089862674e-05
23.6,-2.448085,-2.4480583505919684,-2.6649408031431676e-05
23.616666666666667,-2.448085,-2.448113123917267,2.8123917267031118e-05
23.633333333333333,-2.448085,-2.448167658945046,8.265894504599913e-05
23.65,-2.448085,-2.448221971067231,0.0001369710672309843
23.666666666666668,-2.448085,-2.44827607559309,0.00019107559309006206
23.683333333333334,-2.448085,-2.4483299876949225,0.00024498769492264927
23.7,-2.448085,-2.448383722353954,0.0002987223539543393
23.716666666666665,-2.448085,-2.4484372943064305,0.0003522943064306894
23.73333333333333,-2.448085,-2.448490717989886,0.0004057179898859786
23.75,-2.448085,-2.4485440074895775,0.00045900748957761195
23.766666666666666,-2.448085,-2.448597176485072,0.0005121764850719579
23.78333333333333,-2.448085,-2.4486502381969664,0.0005652381969665221
23.8,-2.448085,-2.4487032053337368,0.0006182053337369098
23.816666666666663,-2.448085,-2.4487560900386915,0.0006710900386917018
23.83333333333333,-2.448085,-2.4488089038370293,0.0007239038370294715
23.85,-2.448085,-2.4488616537302055,0.0007766537302056342
23.866666666666667,-2.448085,-2.448914348179338,0.0008293481793382185
23.883333333333333,-2.448085,-2.4489669973714916,0.0008819973714917495
23.9,-2.448085,-2.4490196114937,0.0009346114937001104
23.916666666666668,-2.448085,-2.4490722007329953,0.000987200732995408
23.933333333333334,-2.448085,-2.449124775276411,0.0010397752764110813
23.95,-2.448085,-2.4491773453109795,0.001092345310979681
23.966666666666665,-2.448085,-2.449229921023733,0.001144921023733314
23.98333333333333,-2.448085,-2.4492825126017057,0.0011975126017058635
24.0,-2.448085,-2.4493351302319297,0.0012501302319298802
