arquivo,tempo_pico,amplitude,t0,k,theta,area
DCS_E5101.csv,7.15,0.8161771077165761,6.700000000000001,7.141042596532532,0.07865269093443075,0.8161771077156555
DCS_E5101.csv,7.95,1.4394316888738703,7.500000000000001,7.141042596532532,0.07865269093443075,1.4394316888722465
DCS_E5101.csv,8.67,13.194365708657994,8.216666666666667,7.141042596532532,0.07865269093443075,13.194365708643113
DCS_E5101.csv,9.63,11.295047022533312,9.183333333333334,7.141042596532532,0.07865269093443075,11.295047022520574
DCS_E5101.csv,10.28,5.415794767011536,9.833333333333332,7.141042596532532,0.07865269093443075,5.415794767005428
DCS_E5101.csv,15.02,0.19184814478897003,14.566666666666674,7.141042596532532,0.07865269093443075,0.19184814478875367
DCS_E5101.csv,18.07,0.08147315501236875,17.616666666666667,7.141042596532532,0.07865269093443075,0.08147315501227685
DCS_E5102.csv,7.15,0.8240649241710739,6.700000000000001,7.141042596532532,0.07865269093443075,0.8240649241701445
DCS_E5102.csv,7.95,1.4984427584577877,7.500000000000001,7.141042596532532,0.07865269093443075,1.4984427584560975
DCS_E5102.csv,8.67,13.548858475485206,8.216666666666667,7.141042596532532,0.07865269093443075,13.548858475469922
DCS_E5102.csv,9.63,13.49951921279622,9.183333333333334,7.141042596532532,0.07865269093443075,13.499519212780992
DCS_E5102.csv,10.28,6.11148056500961,9.833333333333332,7.141042596532532,0.07865269093443075,6.111480565002718
DCS_E5102.csv,15.03,0.20032740139488586,14.583333333333332,7.141042596532532,0.07865269093443075,0.20032740139465988
DCS_E5102.csv,18.08,0.060596214102246616,17.633333333333333,7.141042596532532,0.07865269093443075,0.06059621410217827
DCS_E5103.csv,7.15,0.83297299633675,6.700000000000001,7.141042596532532,0.07865269093443075,0.8329729963358106
DCS_E5103.csv,7.95,1.526150548996743,7.500000000000001,7.141042596532532,0.07865269093443075,1.5261505489950216
DCS_E5103.csv,8.67,13.735433480458553,8.216666666666667,7.141042596532532,0.07865269093443075,13.735433480443062
DCS_E5103.csv,9.63,15.660561118436153,9.183333333333334,7.141042596532532,0.07865269093443075,15.660561118418489
DCS_E5103.csv,10.28,6.728461653443441,9.833333333333332,7.141042596532532,0.07865269093443075,6.7284616534358515
DCS_E5103.csv,15.03,0.22713621887420768,14.583333333333332,7.141042596532532,0.07865269093443075,0.2271362188739515
DCS_E5103.csv,18.08,0.07659933391223542,17.633333333333333,7.141042596532532,0.07865269093443075,0.07659933391214903
DCS_E5104.csv,7.15,0.863382278210496,6.700000000000001,7.141042596532532,0.07865269093443075,0.8633822782095222
DCS_E5104.csv,7.95,1.6268006546677114,7.500000000000001,7.141042596532532,0.07865269093443075,1.6268006546658766
DCS_E5104.csv,8.67,14.764226029515868,8.216666666666667,7.141042596532532,0.07865269093443075,14.764226029499216
DCS_E5104.csv,9.63,18.07584776033938,9.183333333333334,7.141042596532532,0.07865269093443075,18.075847760318993
DCS_E5104.csv,10.28,7.531727929731996,9.833333333333332,7.141042596532532,0.07865269093443075,7.531727929723501
DCS_E5104.csv,15.03,0.2561266199558113,14.583333333333337,7.141042596532532,0.07865269093443075,0.25612661995552244
DCS_E5104.csv,18.07,0.15914804185141132,17.616666666666667,7.141042596532532,0.07865269093443075,0.15914804185123183
DCS_E5105.csv,7.15,0.8958142776570146,6.700000000000001,7.141042596532532,0.07865269093443075,0.8958142776560042
DCS_E5105.csv,7.93,1.6863280464198582,7.483333333333334,7.141042596532532,0.07865269093443075,1.686328046417956
DCS_E5105.csv,8.67,15.330597145649422,8.216666666666667,7.141042596532532,0.07865269093443075,15.33059714563213
DCS_E5105.csv,9.63,19.88538135620214,9.183333333333334,7.141042596532532,0.07865269093443075,19.885381356179707
DCS_E5105.csv,10.28,8.101090339146047,9.833333333333332,7.141042596532532,0.07865269093443075,8.101090339136912
DCS_E5105.csv,15.02,0.26864177512569226,14.566666666666668,7.141042596532532,0.07865269093443075,0.2686417751253892
DCS_E5105.csv,18.05,0.07602002638032684,17.6000000000003,7.141042596532532,0.07865269093443075,0.07602002638024109
DCS_E5106.csv,7.15,0.95226994675132,6.700000000000003,7.141042596532532,0.07865269093443075,0.9522699467502458
DCS_E5106.csv,7.93,1.8103174445378343,7.483333333333334,7.141042596532532,0.07865269093443075,1.8103174445357926
DCS_E5106.csv,8.67,16.380909173391647,8.217989204412858,7.141042596532532,0.07865269093443075,16.380909173861458
DCS_E5106.csv,9.63,22.04779833149211,9.183333333333334,7.141042596532532,0.07865269093443075,22.04779833146724
DCS_E5106.csv,10.28,8.868701107774813,9.833333333333332,7.141042596532532,0.07865269093443075,8.868701107764808
DCS_E5106.csv,15.02,0.29424409378119176,14.566666666666668,7.141042596532532,0.07865269093443075,0.29424409378085986
DCS_E5106.csv,18.07,0.07533941797371489,17.616666666666667,7.141042596532532,0.07865269093443075,0.0753394179736299
DCS_E5107.csv,7.15,0.9746932655283415,6.700000000000001,7.141042596532532,0.07865269093443075,0.9746932655272421
DCS_E5107.csv,7.93,1.8838731990930555,7.483333333333334,7.141042596532532,0.07865269093443075,1.8838731990909303
DCS_E5107.csv,8.67,17.144259270143852,8.2166666666707,7.141042596532532,0.07865269093443075,17.144259270124515
DCS_E5107.csv,9.63,23.897416973445864,9.183333333333334,7.141042596532532,0.07865269093443075,23.89741697341891
DCS_E5107.csv,10.28,9.484404943137426,9.833333333333332,7.141042596532532,0.07865269093443075,9.484404943126728
DCS_E5107.csv,15.03,0.31942088953441844,14.58333333333334,7.141042596532532,0.07865269093443075,0.31942088953405817
DCS_E5107.csv,18.08,0.07573790394396182,17.633333333333333,7.141042596532532,0.07865269093443075,0.07573790394387639
DCS_E5108.csv,7.13,0.9604492744147409,6.6833333333333345,7.141042596532532,0.07865269093443075,0.9604492744136577
DCS_E5108.csv,7.93,1.873755993954393,7.483333333333334,7.141042596532532,0.07865269093443075,1.8737559939522794
DCS_E5108.csv,8.67,17.132923268492938,8.216666666666667,7.141042596532532,0.07865269093443075,17.13292326847361
DCS_E5108.csv,9.63,24.50732445703945,9.183333333333334,7.141042596532532,0.07865269093443075,24.5073244570118
DCS_E5108.csv,10.27,9.528294278021052,9.816666666666668,7.141042596532532,0.07865269093443075,9.528294278010303
DCS_E5108.csv,15.03,0.32222286444139925,14.583333333333334,7.141042596532532,0.07865269093443075,0.3222228644410358
DCS_E5108.csv,18.05,0.07095665631436651,17.600000000000005,7.141042596532532,0.07865269093443075,0.07095665631428648
DCS_E5109.csv,7.13,0.9783359797471339,6.6833333333333345,7.141042596532532,0.07865269093443075,0.9783359797460305
DCS_E5109.csv,7.92,1.9319540355320715,7.466666666666668,7.141042596532532,0.07865269093443075,1.9319540355298925
DCS_E5109.csv,8.67,18.081263154336998,8.216666666666667,7.141042596532532,0.07865269093443075,18.081263154316606
DCS_E5109.csv,9.62,26.03451383469439,9.166666666666668,7.141042596532532,0.07865269093443075,26.034513834665024
DCS_E5109.csv,10.27,10.1646890295583,9.816666666666668,7.141042596532532,0.07865269093443075,10.164689029546835
DCS_E5109.csv,15.02,0.32798138419321465,14.566666666666668,7.141042596532532,0.07865269093443075,0.3279813841928447
DCS_E5109.csv,18.05,0.151113490795573,17.600000000000005,7.141042596532532,0.07865269093443075,0.15111349079540257
DCS_E5110.csv,7.13,0.9241937225146905,6.6833333333333345,7.141042596532532,0.07865269093443075,0.924193722513648
DCS_E5110.csv,7.92,1.808285297810128,7.466666666666668,7.141042596532532,0.07865269093443075,1.8082852978080883
DCS_E5110.csv,8.67,18.844872785709896,8.216666666666667,7.141042596532532,0.07865269093443075,18.844872785688636
DCS_E5110.csv,9.62,25.556870309990863,9.166666666666668,7.141042596532532,0.07865269093443075,25.556870309962036
DCS_E5110.csv,10.27,9.881447562136355,9.816666666666668,7.141042596532532,0.07865269093443075,9.88144756212521
DCS_E5110.csv,15.02,0.3175633752192592,14.566666666666668,7.141042596532532,0.07865269093443075,0.317563375218901
DCS_E5110.csv,18.07,0.08858423436534024,17.61666666666667,7.141042596532532,0.07865269093443075,0.08858423436524032
DCS_E5111.csv,7.13,0.9287118493729103,6.6833333333333345,7.141042596532532,0.07865269093443075,0.9287118493718627
DCS_E5111.csv,7.92,1.8767223032862297,7.466666666666668,7.141042596532532,0.07865269093443075,1.8767223032841127
DCS_E5111.csv,8.67,18.996643389400774,8.216666666666667,7.141042596532532,0.07865269093443075,18.996643389379344
DCS_E5111.csv,9.62,26.145562416704184,9.166666666666668,7.141042596532532,0.07865269093443075,26.145562416674693
DCS_E5111.csv,10.27,10.042767085030539,9.816666666666668,7.141042596532532,0.07865269093443075,10.04276708501921
DCS_E5111.csv,15.02,0.313169310351916,14.566666666666668,7.141042596532532,0.07865269093443075,0.3131693103515627
DCS_E5111.csv,18.05,0.0935000317232469,17.600000000000005,7.141042596532532,0.07865269093443075,0.09350003172314143
DCS_E5112.csv,7.13,0.8224174312587927,6.6833333333333345,7.141042596532532,0.07865269093443075,0.8224174312578652
DCS_E5112.csv,7.92,1.6545358030396446,7.46666666666667,7.141042596532532,0.07865269093443075,1.6545358030377781
DCS_E5112.csv,8.67,19.03944514242547,8.216666666666667,7.141042596532532,0.07865269093443075,19.03944514240399
DCS_E5112.csv,9.62,23.95909832217587,9.166666666666668,7.141042596532532,0.07865269093443075,23.959098322148847
DCS_E5112.csv,10.27,9.200013738521767,9.816666666666668,7.141042596532532,0.07865269093443075,9.20001373851139
DCS_E5112.csv,15.03,0.3007885881507194,14.583333333333332,7.141042596532532,0.07865269093443075,0.30078858815038007
DCS_E5112.csv,18.07,0.15420443207290752,17.616666666666667,7.141042596532532,0.07865269093443075,0.1542044320727336
DCS_E5113.csv,7.13,0.7802027267491218,6.6833333333333345,7.141042596532532,0.07865269093443075,0.7802027267482418
DCS_E5113.csv,7.92,1.5791729358331652,7.466666666666668,7.141042596532532,0.07865269093443075,1.579172935831384
DCS_E5113.csv,8.67,19.358596994337308,8.219122434914038,7.141042596532532,0.07865269093443075,19.358596995279324
DCS_E5113.csv,9.62,22.827935506446345,9.166666666666668,7.141042596532532,0.07865269093443075,22.827935506420598
DCS_E5113.csv,10.27,8.713358139998194,9.816666666666668,7.141042596532532,0.07865269093443075,8.713358139988365
DCS_E5113.csv,15.02,0.2724871221892491,14.566666666666668,7.141042596532532,0.07865269093443075,0.2724871221889418
DCS_E5113.csv,18.07,0.06556842432575753,17.616666666666667,7.141042596532532,0.07865269093443075,0.06556842432568359
DCS_E5114.csv,7.13,0.7201150607359921,6.6833333333333345,7.141042596532532,0.07865269093443075,0.72011506073518
DCS_E5114.csv,7.92,1.510049748952082,7.466666666666668,7.141042596532532,0.07865269093443075,1.5100497489503788
DCS_E5114.csv,8.68,20.935327502963222,8.233333333333334,7.141042596532532,0.07865269093443075,20.93532750293961
DCS_E5114.csv,9.62,22.84103959257646,9.166666666666668,7.141042596532532,0.07865269093443075,22.841039592550697
DCS_E5114.csv,10.27,8.615872523530214,9.816666666666668,7.141042596532532,0.07865269093443075,8.615872523520496
DCS_E5114.csv,15.02,0.25629752971860226,14.566666666666668,7.141042596532532,0.07865269093443075,0.25629752971831316
DCS_E5114.csv,18.05,0.05892643333129653,17.600000000000005,7.141042596532532,0.07865269093443075,0.058926433331230064
DCS_E5115.csv,7.13,0.7990106240209152,6.6833333333333345,7.141042596532532,0.07865269093443075,0.7990106240200139
DCS_E5115.csv,7.92,1.7191876483542061,7.466666666666668,7.141042596532532,0.07865269093443075,1.7191876483522668
DCS_E5115.csv,8.68,24.728875555558744,8.233333333333334,7.141042596532532,0.07865269093443075,24.728875555530852
DCS_E5115.csv,9.63,28.656877647074356,9.183333333333334,7.141042596532532,0.07865269093443075,28.65687764704204
DCS_E5115.csv,10.28,10.641333180518561,9.833333333333332,7.141042596532532,0.07865269093443075,10.641333180506559
DCS_E5115.csv,15.02,0.29912500029442496,14.566666666666668,7.141042596532532,0.07865269093443075,0.2991250002940875
DCS_E5115.csv,18.07,0.0594109116449449,17.616666666666667,7.141042596532532,0.07865269093443075,0.05941091164487789
DCS_E5116.csv,7.13,0.736120412905829,6.6833333333333345,7.141042596532532,0.07865269093443075,0.7361204129049987
DCS_E5116.csv,7.9,1.629467829062407,7.450000000000001,7.141042596532532,0.07865269093443075,1.6294678290605689
DCS_E5116.csv,8.68,25.32905000080358,8.233333333333334,7.141042596532532,0.07865269093443075,25.329050000775005
DCS_E5116.csv,9.63,26.84390580130672,9.183333333333334,7.141042596532532,0.07865269093443075,26.843905801276442
DCS_E5116.csv,10.28,9.945555895826514,9.833333333333332,7.141042596532532,0.07865269093443075,9.945555895815295
DCS_E5116.csv,15.02,0.2746794945641859,14.566666666666668,7.141042596532532,0.07865269093443075,0.2746794945638761
DCS_E5116.csv,18.05,0.15322458947784673,17.600000000000005,7.141042596532532,0.07865269093443075,0.1532245894776739
DCS_E5201.csv,7.15,0.8080940870866281,6.700000000000001,7.141042596532532,0.07865269093443075,0.8080940870857166
DCS_E5201.csv,7.95,1.4317657487045012,7.500000000000001,7.141042596532532,0.07865269093443075,1.4317657487028863
DCS_E5201.csv,8.67,13.190344255534551,8.216666666666667,7.141042596532532,0.07865269093443075,13.190344255519676
DCS_E5201.csv,9.63,11.311630278857471,9.183333333333334,7.141042596532532,0.07865269093443075,11.311630278844714
DCS_E5201.csv,10.28,5.433122413055514,9.833333333333332,7.141042596532532,0.07865269093443075,5.433122413049385
DCS_E5201.csv,15.03,0.1888083000935986,14.583333333333334,7.141042596532532,0.07865269093443075,0.18880830009338564
DCS_E5201.csv,18.08,0.07049806309884249,17.63333333333338,7.141042596532532,0.07865269093443075,0.07049806309876298
DCS_E5202.csv,7.15,0.8209176495863407,6.700000000000001,7.141042596532532,0.07865269093443075,0.8209176495854147
DCS_E5202.csv,7.97,1.504564604172665,7.5166666666666675,7.141042596532532,0.07865269093443075,1.5045646041709675
DCS_E5202.csv,8.67,13.546336515038357,8.216666666666667,7.141042596532532,0.07865269093443075,13.546336515023079
DCS_E5202.csv,9.63,13.51518403419275,9.183333333333334,7.141042596532532,0.07865269093443075,13.515184034177508
DCS_E5202.csv,10.28,6.120961916214901,9.833333333333332,7.141042596532532,0.07865269093443075,6.120961916207997
DCS_E5202.csv,15.02,0.21094943563618568,14.566666666666684,7.141042596532532,0.07865269093443075,0.2109494356359477
DCS_E5202.csv,18.07,0.06971982469543465,17.616666666666667,7.141042596532532,0.07865269093443075,0.06971982469535602
DCS_E5203.csv,7.15,0.8255193485228957,6.700000000000002,7.141042596532532,0.07865269093443075,0.8255193485219644
DCS_E5203.csv,7.95,1.5211255304038327,7.500000000000001,7.141042596532532,0.07865269093443075,1.5211255304021167
DCS_E5203.csv,8.67,13.70716209637937,8.216666666666667,7.141042596532532,0.07865269093443075,13.70716209636391
DCS_E5203.csv,9.63,15.62713431922341,9.183333333333334,7.141042596532532,0.07865269093443075,15.627134319205785
DCS_E5203.csv,10.28,6.69827973237927,9.833333333333332,7.141042596532532,0.07865269093443075,6.698279732371715
DCS_E5203.csv,15.03,0.2363732818023917,14.583333333333336,7.141042596532532,0.07865269093443075,0.23637328180212505
DCS_E5203.csv,18.05,0.07136460987448306,17.600000000000257,7.141042596532532,0.07865269093443075,0.07136460987440257
DCS_E5204.csv,7.15,0.8956915742455377,6.700000000000001,7.141042596532532,0.07865269093443075,0.8956915742445275
DCS_E5204.csv,7.95,1.6754238419991154,7.500000000000001,7.141042596532532,0.07865269093443075,1.6754238419972258
DCS_E5204.csv,8.67,15.00662544682069,8.216666666666667,7.141042596532532,0.07865269093443075,15.006625446803763
DCS_E5204.csv,9.63,18.43562136151323,9.183333333333334,7.141042596532532,0.07865269093443075,18.435621361492434
DCS_E5204.csv,10.28,7.686266473016965,9.833333333333332,7.141042596532532,0.07865269093443075,7.6862664730082955
DCS_E5204.csv,15.03,0.2593538557576172,14.583333333333346,7.141042596532532,0.07865269093443075,0.25935385575732467
DCS_E5204.csv,18.08,0.06981209328435778,17.633333333333333,7.141042596532532,0.07865269093443075,0.06981209328427902
DCS_E5205.csv,7.15,0.8868529832687074,6.700000000000001,7.141042596532532,0.07865269093443075,0.8868529832677071
DCS_E5205.csv,7.93,1.669682152716695,7.483333333333334,7.141042596532532,0.07865269093443075,1.6696821527148116
DCS_E5205.csv,8.67,15.157837790058613,8.216666666666667,7.141042596532532,0.07865269093443075,15.157837790041516
DCS_E5205.csv,9.63,19.639947248478528,9.183333333333334,7.141042596532532,0.07865269093443075,19.639947248456377
DCS_E5205.csv,10.27,7.930230712003002,9.816666666666668,7.141042596532532,0.07865269093443075,7.930230711994057
DCS_E5205.csv,15.02,0.26230649624230334,14.566666666666668,7.141042596532532,0.07865269093443075,0.26230649624200747
DCS_E5205.csv,18.05,0.07435106083399602,17.600000000000005,7.141042596532532,0.07865269093443075,0.07435106083391214
DCS_E5206.csv,7.15,0.9485623384092515,6.700000000000001,7.141042596532532,0.07865269093443075,0.9485623384081817
DCS_E5206.csv,7.93,1.8187911930852203,7.483333333333334,7.141042596532532,0.07865269093443075,1.8187911930831686
DCS_E5206.csv,8.67,16.527171941319605,8.216666666669738,7.141042596532532,0.07865269093443075,16.527171941300963
DCS_E5206.csv,9.63,22.259097984626624,9.183333333333334,7.141042596532532,0.07865269093443075,22.25909798460152
DCS_E5206.csv,10.28,8.938387682339231,9.833333333333332,7.141042596532532,0.07865269093443075,8.938387682329148
DCS_E5206.csv,15.02,0.29693833291027744,14.566666666666668,7.141042596532532,0.07865269093443075,0.29693833290994254
DCS_E5206.csv,18.07,0.06981918977446117,17.616666666666667,7.141042596532532,0.07865269093443075,0.06981918977438241
DCS_E5207.csv,7.15,0.9557839865421154,6.700000000000001,7.141042596532532,0.07865269093443075,0.9557839865410374
DCS_E5207.csv,7.93,1.857157407277401,7.483333333333334,7.141042596532532,0.07865269093443075,1.8571574072753065
DCS_E5207.csv,8.67,16.920761379614284,8.216739876361734,7.141042596532532,0.07865269093443075,16.920761379624263
DCS_E5207.csv,9.63,23.60578762416466,9.183333333333334,7.141042596532532,0.07865269093443075,23.60578762413803
DCS_E5207.csv,10.28,9.359217440115964,9.833333333333332,7.141042596532532,0.07865269093443075,9.359217440105406
DCS_E5207.csv,15.02,0.31021526476046357,14.566666666666668,7.141042596532532,0.07865269093443075,0.31021526476011363
DCS_E5207.csv,18.07,0.07313714997447877,17.616666666666667,7.141042596532532,0.07865269093443075,0.07313714997439628
DCS_E5208.csv,7.13,0.9949790041489956,6.6833333333333345,7.141042596532532,0.07865269093443075,0.9949790041478733
DCS_E5208.csv,7.93,1.946361648726185,7.483333333333334,7.141042596532532,0.07865269093443075,1.9463616487239894
DCS_E5208.csv,8.67,17.857240794182122,8.216666666666667,7.141042596532532,0.07865269093443075,17.85724079416198
DCS_E5208.csv,9.63,25.52012748787616,9.183333333333334,7.141042596532532,0.07865269093443075,25.520127487847375
DCS_E5208.csv,10.27,9.91218366311335,9.816666666666668,7.141042596532532,0.07865269093443075,9.912183663102171
DCS_E5208.csv,15.02,0.3321937809259623,14.566666666666668,7.141042596532532,0.07865269093443075,0.33219378092558766
DCS_E5208.csv,18.07,0.09491926150971201,17.616666666666667,7.141042596532532,0.07865269093443075,0.09491926150960496
DCS_E5209.csv,6.13,0.007916901052146263,6.447062103551036,7.141042596532532,0.07865269093443075,0.007916901051705233
DCS_E5209.csv,7.13,1.02157204785401,6.6833333333333345,7.141042596532532,0.07865269093443075,1.0215720478528576
DCS_E5209.csv,7.92,1.988480149090411,7.466666666666668,7.141042596532532,0.07865269093443075,1.9884801490881678
DCS_E5209.csv,8.67,18.307731892046444,8.216666666666667,7.141042596532532,0.07865269093443075,18.307731892025792
DCS_E5209.csv,9.63,26.74435766966903,9.183333333333334,7.141042596532532,0.07865269093443075,26.744357669638863
DCS_E5209.csv,10.27,10.329042752308686,9.816666666666668,7.141042596532532,0.07865269093443075,10.329042752297037
DCS_E5209.csv,15.02,0.33979347040106483,14.566666666666668,7.141042596532532,0.07865269093443075,0.33979347040068153
DCS_E5209.csv,18.05,0.06913780900959215,17.600000000000005,7.141042596532532,0.07865269093443075,0.06913780900951416
DCS_E5210.csv,7.13,0.9517967691380229,6.6833333333333345,7.141042596532532,0.07865269093443075,0.9517967691369493
DCS_E5210.csv,7.92,1.8664198677691846,7.466666666666668,7.141042596532532,0.07865269093443075,1.8664198677670794
DCS_E5210.csv,8.67,19.355981382052068,8.216666666666667,7.141042596532532,0.07865269093443075,19.355981382030237
DCS_E5210.csv,9.62,26.25307329638239,9.166666666666668,7.141042596532532,0.07865269093443075,26.25307329635278
DCS_E5210.csv,10.27,10.13274374275578,9.816666666666668,7.141042596532532,0.07865269093443075,10.13274374274435
DCS_E5210.csv,15.02,0.3332123777383503,14.566666666666668,7.141042596532532,0.07865269093443075,0.33321237773797446
DCS_E5210.csv,18.07,0.06585435116219175,17.616666666666667,7.141042596532532,0.07865269093443075,0.06585435116211746
DCS_E5211.csv,6.12,0.0075964108882498466,6.424400726492241,7.141042596532532,0.07865269093443075,0.0075964108883617605
DCS_E5211.csv,7.13,0.9733467930685136,6.6833333333333345,7.141042596532532,0.07865269093443075,0.9733467930674157
DCS_E5211.csv,7.92,1.9492343454925525,7.466666666666668,7.141042596532532,0.07865269093443075,1.9492343454903538
DCS_E5211.csv,8.67,19.591263450677985,8.216843854640896,7.141042596532532,0.07865269093443075,19.591263450737298
DCS_E5211.csv,9.62,26.986619993769864,9.166666666666668,7.141042596532532,0.07865269093443075,26.986619993739428
DCS_E5211.csv,10.27,10.379555149946482,9.816666666666668,7.141042596532532,0.07865269093443075,10.379555149934776
DCS_E5211.csv,15.02,0.3367359879826525,14.566666666666668,7.141042596532532,0.07865269093443075,0.3367359879822726
DCS_E5211.csv,18.05,0.06917621462807913,17.600000000000005,7.141042596532532,0.07865269093443075,0.0691762146280011
DCS_E5212.csv,7.13,0.8696248677625459,6.6833333333333345,7.141042596532532,0.07865269093443075,0.8696248677615651
DCS_E5212.csv,7.92,1.7404593714928005,7.466666666666668,7.141042596532532,0.07865269093443075,1.7404593714908372
DCS_E5212.csv,8.67,19.886816776347207,8.217528362496337,7.141042596532532,0.07865269093443075,19.886816776720362
DCS_E5212.csv,9.62,25.087471076115673,9.166666666666668,7.141042596532532,0.07865269093443075,25.087471076087375
DCS_E5212.csv,10.27,9.612970238536505,9.816666666666668,7.141042596532532,0.07865269093443075,9.612970238525662
DCS_E5212.csv,15.02,0.304457683138964,14.566666666666668,7.141042596532532,0.07865269093443075,0.3044576831386206
DCS_E5212.csv,18.05,0.06435534251373998,17.60000000000001,7.141042596532532,0.07865269093443075,0.0643553425136674
DCS_E5213.csv,7.13,0.7487455754492574,6.6833333333333345,7.141042596532532,0.07865269093443075,0.7487455754484127
DCS_E5213.csv,7.92,1.5300135759308402,7.466666666666668,7.141042596532532,0.07865269093443075,1.5300135759291147
DCS_E5213.csv,8.67,18.95976456754035,8.216666666666667,7.141042596532532,0.07865269093443075,18.959764567518963
DCS_E5213.csv,9.63,22.61220507325871,9.183333333333334,7.141042596532532,0.07865269093443075,22.612205073233206
DCS_E5213.csv,10.27,8.553117508124261,9.816666666666668,7.141042596532532,0.07865269093443075,8.553117508114612
DCS_E5213.csv,15.03,0.26931325954280405,14.583333333333332,7.141042596532532,0.07865269093443075,0.26931325954250024
DCS_E5213.csv,18.08,0.1524623516726031,17.633333333333333,7.141042596532532,0.07865269093443075,0.15246235167243113
DCS_E5214.csv,7.13,0.7307776662987336,6.6833333333333345,7.141042596532532,0.07865269093443075,0.7307776662979094
DCS_E5214.csv,7.92,1.552056182466373,7.466666666666668,7.141042596532532,0.07865269093443075,1.5520561824646222
DCS_E5214.csv,8.68,21.46582527094542,8.233333333333334,7.141042596532532,0.07865269093443075,21.4658252709212
DCS_E5214.csv,9.63,23.70855481609632,9.183333333333334,7.141042596532532,0.07865269093443075,23.70855481606958
DCS_E5214.csv,10.28,8.90709864095429,9.833333333333332,7.141042596532532,0.07865269093443075,8.907098640944243
DCS_E5214.csv,15.02,0.268567210853807,14.566666666666668,7.141042596532532,0.07865269093443075,0.2685672108535041
DCS_E5214.csv,18.07,0.06379536013046988,17.616666666666696,7.141042596532532,0.07865269093443075,0.06379536013039792
DCS_E5215.csv,7.13,0.8092200125392763,6.6833333333333345,7.141042596532532,0.07865269093443075,0.8092200125383636
DCS_E5215.csv,7.92,1.7449179568684636,7.466666666666668,7.141042596532532,0.07865269093443075,1.7449179568664954
DCS_E5215.csv,8.68,25.059873392082586,8.233333333333334,7.141042596532532,0.07865269093443075,25.059873392054318
DCS_E5215.csv,9.63,29.05613941632973,9.183333333333334,7.141042596532532,0.07865269093443075,29.056139416296954
DCS_E5215.csv,10.28,10.781599189461762,9.833333333333332,7.141042596532532,0.07865269093443075,10.7815991894496
DCS_E5215.csv,15.02,0.3097714079274232,14.566666666666668,7.141042596532532,0.07865269093443075,0.30977140792707375
DCS_E5215.csv,18.07,0.058815106752922806,17.616666666666667,7.141042596532532,0.07865269093443075,0.058815106752856464
DCS_E5216.csv,7.13,0.7623883225515653,6.6833333333333345,7.141042596532532,0.07865269093443075,0.7623883225507053
DCS_E5216.csv,7.92,1.7191914307055163,7.466666666666668,7.141042596532532,0.07865269093443075,1.7191914307035772
DCS_E5216.csv,8.68,26.361951912833863,8.233333333333334,7.141042596532532,0.07865269093443075,26.361951912804127
DCS_E5216.csv,9.63,27.99796126865803,9.183333333333334,7.141042596532532,0.07865269093443075,27.99796126862645
DCS_E5216.csv,10.28,10.36089158628279,9.833333333333332,7.141042596532532,0.07865269093443075,10.360891586271103
DCS_E5216.csv,15.02,0.27296091937923794,14.566666666666668,7.141042596532532,0.07865269093443075,0.2729609193789301
DCS_E5216.csv,18.07,0.05771941343576635,17.616666666666813,7.141042596532532,0.07865269093443075,0.05771941343570124
DCS_E5300.csv,7.13,0.8374868283514186,6.6833333333333345,7.141042596532532,0.07865269093443075,0.8374868283504739
DCS_E5300.csv,7.93,1.5152700008125162,7.483333333333334,7.141042596532532,0.07865269093443075,1.5152700008108069
DCS_E5300.csv,8.67,12.84007946883526,8.216666666666667,7.141042596532532,0.07865269093443075,12.840079468820777
DCS_E5300.csv,9.63,8.44422746026026,9.183333333333334,7.141042596532532,0.07865269093443075,8.444227460250735
DCS_E5300.csv,10.32,3.3330014869082354,9.866666666666667,7.141042596532532,0.07865269093443075,3.3330014869044766
DCS_E5300.csv,18.07,0.09880133139628068,17.616666666666667,7.141042596532532,0.07865269093443075,0.09880133139616924
DCS_E5301.csv,7.15,0.8057558022404874,6.700000000000004,7.141042596532532,0.07865269093443075,0.8057558022395785
DCS_E5301.csv,7.95,1.4186309201131235,7.500000000000001,7.141042596532532,0.07865269093443075,1.4186309201115235
DCS_E5301.csv,8.67,13.011719706765966,8.216666666666667,7.141042596532532,0.07865269093443075,13.011719706751292
DCS_E5301.csv,9.62,11.01798677453807,9.166666666666668,7.141042596532532,0.07865269093443075,11.017986774525642
DCS_E5301.csv,10.28,5.3556755093473765,9.833333333333332,7.141042596532532,0.07865269093443075,5.355675509341336
DCS_E5301.csv,15.02,0.18777484484191478,14.566666666666668,7.141042596532532,0.07865269093443075,0.18777484484170298
DCS_E5301.csv,18.05,0.07992764890350211,17.600000000000026,7.141042596532532,0.07865269093443075,0.07992764890341195
DCS_E5303.csv,6.1,0.008319432608231814,6.411016311486101,7.141042596532532,0.07865269093443075,0.00831943260780802
DCS_E5303.csv,7.12,0.8062807781063914,6.666666666666667,7.141042596532532,0.07865269093443075,0.8062807781054818
DCS_E5303.csv,7.9,1.4622104558264726,7.450000000000001,7.141042596532532,0.07865269093443075,1.4622104558248232
DCS_E5303.csv,8.65,13.336466140309165,8.200000000000001,7.141042596532532,0.07865269093443075,13.336466140294121
DCS_E5303.csv,9.6,15.31516512921828,9.15,7.141042596532532,0.07865269093443075,15.315165129201008
DCS_E5303.csv,10.27,7.022007365374662,9.816666666666668,7.141042596532532,0.07865269093443075,7.022007365366742
DCS_E5303.csv,15.0,0.20067362221057103,14.550000000000017,7.141042596532532,0.07865269093443075,0.2006736222103447
DCS_E5303.csv,18.05,0.13106424020391377,17.600000000000005,7.141042596532532,0.07865269093443075,0.13106424020376592
DCS_E5304.csv,7.15,0.888205920476876,6.700000000000001,7.141042596532532,0.07865269093443075,0.8882059204758741
DCS_E5304.csv,7.95,1.6568644846221523,7.500000000000001,7.141042596532532,0.07865269093443075,1.6568644846202834
DCS_E5304.csv,8.67,14.837963794649824,8.216666666666667,7.141042596532532,0.07865269093443075,14.837963794633087
DCS_E5304.csv,9.63,18.25194883923764,9.183333333333334,7.141042596532532,0.07865269093443075,18.251948839217057
DCS_E5304.csv,10.28,7.595533008492752,9.833333333333332,7.141042596532532,0.07865269093443075,7.595533008484185
DCS_E5304.csv,15.03,0.25843093947810725,14.58333333333334,7.141042596532532,0.07865269093443075,0.25843093947781576
DCS_E5304.csv,18.07,0.06926448752072477,17.616666666666667,7.141042596532532,0.07865269093443075,0.06926448752064665
DCS_E5305.csv,7.13,0.9066681394057753,6.6833333333333345,7.141042596532532,0.07865269093443075,0.9066681394047527
DCS_E5305.csv,7.93,1.698562499980754,7.483333333333334,7.141042596532532,0.07865269093443075,1.698562499978838
DCS_E5305.csv,8.67,15.369458352809442,8.216666666666667,7.141042596532532,0.07865269093443075,15.369458352792106
DCS_E5305.csv,9.63,19.919742813532686,9.183333333333334,7.141042596532532,0.07865269093443075,19.91974281351022
DCS_E5305.csv,10.27,8.055134211472472,9.816666666666668,7.141042596532532,0.07865269093443075,8.055134211463388
DCS_E5305.csv,15.03,0.27720667102223595,14.583333333333332,7.141042596532532,0.07865269093443075,0.2772066710219233
DCS_E5305.csv,18.08,0.07273712958409566,17.633333333333333,7.141042596532532,0.07865269093443075,0.07273712958401361
E5100.csv,8.42,0.8545492559997938,7.966666666666666,7.141042596532532,0.07865269093443075,0.8545492559988298
E5100.csv,9.35,1.5332674449146655,8.9,7.141042596532532,0.07865269093443075,1.5332674449129362
E5100.csv,10.28,13.35650507975107,9.833333333333332,7.141042596532532,0.07865269093443075,13.356505079736005
E5100.csv,11.37,8.643717025708881,10.916666666666668,7.141042596532532,0.07865269093443075,8.64371702569913
E5100.csv,12.22,3.3649694210670757,11.76666666666667,7.141042596532532,0.07865269093443075,3.3649694210632806
E5100.csv,21.47,0.20911142316317727,21.01666666666667,7.141042596532532,0.07865269093443075,0.20911142316294065
E5200.csv,8.42,0.8558870493042439,7.966666666666666,7.141042596532532,0.07865269093443075,0.8558870493032785
E5200.csv,9.35,1.5312240162574493,8.9,7.141042596532532,0.07865269093443075,1.5312240162557225
E5200.csv,10.28,13.339309902532865,9.833333333333332,7.141042596532532,0.07865269093443075,13.339309902517817
E5200.csv,11.37,8.62819834375535,10.916666666666668,7.141042596532532,0.07865269093443075,8.62819834374562
E5200.csv,12.22,3.3493146176096604,11.76666666666667,7.141042596532532,0.07865269093443075,3.3493146176058826
E5200.csv,21.47,0.22030342332142458,21.01666666666667,7.141042596532532,0.07865269093443075,0.22030342332117533
