arquivo,pico,tempo_pico,amplitude,sigma,lambda,area
BAGACO.csv,1,10.14886522710773,1.242528030196202,0.10581420183985633,3.6667682075235035,1.2425280301962067
CLB05gl 10ul.csv,1,9.111553363589966,0.986975551519343,0.07440924836666712,4.455358785563042,0.9869755515193425
CLB05gl 20ul.csv,1,9.12069082830612,2.3613071843400237,0.08039740922907056,4.0578467377980765,2.361307184340024
CLB05gl 40ul.csv,1,9.138099732291373,5.105372961956233,0.08635377924637075,3.9182085846509107,5.105372961956212
COMERCIAL.csv,1,10.158703122468637,2.3836437556114514,0.08840259535251078,3.5579907729333717,2.383643755611454
DAVI_BRUTO_10X.csv,1,6.3947090627453695,8.601725055331054,0.0768860264474149,0.8893764449306523,8.601725048753941
DAVI_BRUTO_10X.csv,2,7.4068371537132665,1.8257591669714506,0.23763513915986753,9.999999999999998,1.8257591669714475
DAVI_BRUTO_10X.csv,3,8.286046807693056,1.6484046607021534,0.11090007005250817,2.613403995777092,1.6484046607021483
DAVI_BRUTO_10X.csv,4,10.157489757318636,2.129677481711273,0.09780157089065519,3.4263024559457813,2.1296774817112745
DAVI_CARVAO_10X.csv,1,6.285475187015548,2.254403439928547,0.0674897176836166,5.979803254415374,2.25440343992854
DAVI_CARVAO_10X.csv,2,8.297711792733965,1.642630379788137,0.09243541973137101,3.517565966071192,1.6426303797881359
DAVI_CARVAO_10X.csv,3,10.168535389824932,6.968246389763685,0.09178158643832175,3.9158119880039766,6.968246389763721
DAVI_HID_ACD_10X.csv,1,6.306366980776066,5.5487009985767495,0.06999814335485648,9.474018090070455,5.548700998576745
DAVI_HID_ACD_10X.csv,2,10.171448178971294,7.884116532125863,0.09140601878423635,4.096240017507128,7.884116532125866
DAVI_HID_ACD_10X.csv,3,10.950903693979452,1.8151794276432096,0.3215140310442008,9.99999999999844,1.815179427643207
DCS_Celobiose_2gL_10uL.csv,1,7.787703926378831,1.0796629737550638,0.08312019805349323,4.736765393739038,1.0796629737550638
DCS_Celobiose_2gL_20uL.csv,1,7.798414256401906,2.2592126187726413,0.08674674787073758,4.671043566375751,2.2592126187726436
DCS_Celobiose_2gL_40uL.csv,1,7.814104988459609,4.56576463081364,0.08828716273901509,4.543422089021024,4.565764630813626
DCS_E5106.csv,1,7.775439275615001,3.0975164728068,0.10622856298539775,1.611414052274246,3.0975164728067965
DCS_E5106.csv,2,8.58559487923647,13.439019028027223,0.09329708244597376,6.112821352409003,13.439019028027223
DCS_E5106.csv,3,9.525746378003008,20.789685855270474,0.09295743520453022,4.287074727544885,20.78968585527057
DCS_E5106.csv,4,10.195357033985838,8.817438809758919,0.18107633349989125,9.999999999999998,8.81743880975891
DCS_E5107.csv,1,7.774621609777806,3.0476135965310522,0.1065925044283633,1.747933566391013,3.047613596531051
DCS_E5107.csv,2,8.583640409926767,14.128050633384067,0.0919922639721771,5.9830477615855795,14.128050633384028
DCS_E5107.csv,3,9.52359935681145,22.682892141979355,0.09167693417294645,4.189140276056291,22.682892141979313
DCS_E5107.csv,4,10.19370767105526,9.439066941568615,0.18127119008879325,9.99999999999999,9.439066941568496
DCS_E5108.csv,1,7.772086429286298,3.0152702055720306,0.10509257197317766,1.751749503046861,3.015270205572031
DCS_E5108.csv,2,8.583375583656341,14.079021862300703,0.09275897059579828,6.0596854840387575,14.079021862300705
DCS_E5108.csv,3,9.52271675662537,23.188390459834068,0.0920470848039691,4.221823209719951,23.1883904598341
DCS_E5108.csv,4,10.191979505175665,9.592399122103492,0.1816611607230399,9.99999999999999,9.592399122103522
DCS_E5109.csv,1,7.76730843041419,3.153720642172153,0.1026177726428775,1.7159770455643621,3.1537206421721495
DCS_E5109.csv,2,8.582916898821217,14.724929016120589,0.09238657916880391,6.179615600016855,14.724929016120601
DCS_E5109.csv,3,9.519905847008044,24.763264459435014,0.09043356220883439,4.238710983450206,24.763264459435128
DCS_E5109.csv,4,10.190821639100358,10.165742045653808,0.17983263395051713,9.999999999999721,10.165742045653806
DCS_E511.csv,1,7.774089396007539,2.9896757488975942,0.10830886512784854,1.2301670190317697,2.9896757488935672
DCS_E511.csv,2,8.575656991604474,11.101357865130263,0.09263461789389785,5.642617551045635,11.101357865130186
DCS_E511.csv,3,9.51921662274934,10.91334514537595,0.09721580137455092,4.150115389390678,10.913345145376002
DCS_E511.csv,4,10.206257386535707,5.386925728839015,0.18133493604584455,9.999999999999998,5.3869257288389525
DCS_E5110.csv,1,7.769844963828972,2.970873010471565,0.10024944900313085,1.6927912160797154,2.9708730104715677
DCS_E5110.csv,2,8.583644706406357,15.394516798110297,0.09224838986843319,6.130032029772739,15.394516798110326
DCS_E5110.csv,3,9.521126266159412,24.329690544882858,0.09122153382125936,4.255876934410085,24.329690544882883
DCS_E5110.csv,4,10.190347309343972,9.904653679294892,0.18041746938358239,9.999999999975316,9.904653679294876
DCS_E5111.csv,1,7.767463775386403,2.9532629110507957,0.10198158881749024,1.8047422338100267,2.953262911050798
DCS_E5111.csv,2,8.584515036561426,15.403849866309285,0.09266678390583523,6.279619360749437,15.403849866309304
DCS_E5111.csv,3,9.52100310102813,24.764717565914232,0.09098606838494147,4.294309386655758,24.76471756591426
DCS_E5111.csv,4,10.189235610861784,10.043901023269836,0.1797612516975985,9.999999999999941,10.043901023269964
DCS_E5112.csv,1,7.767544852933929,2.5941437937352028,0.10246093837231035,1.8170236097452956,2.594143793735203
DCS_E5112.csv,2,8.582991246160844,15.624915134433227,0.09179226023512871,6.030349799264943,15.624915134433206
DCS_E5112.csv,3,9.519987738481767,23.025347361701684,0.0910422533993422,4.164494661474139,23.025347361701787
DCS_E5112.csv,4,10.190050745228202,9.288311247300163,0.18235934347205413,9.999999999999998,9.288311247300083
DCS_E5113.csv,1,7.767217175454175,2.5123813777668182,0.10013975277348512,1.7665089568531471,2.512381377766818
DCS_E5113.csv,2,8.58670879048276,15.757577574370481,0.09223595149831092,6.177611900860509,15.757577574370586
DCS_E5113.csv,3,9.518742693325708,21.879171462709042,0.0910771076879096,4.182602831726737,21.879171462709042
DCS_E5113.csv,4,10.187006622467653,8.841151766317337,0.1835660518456358,9.999999999965445,8.841151766317328
DCS_E5114.csv,1,7.769071185727696,2.236224433381476,0.10114040771854804,1.9694272283899656,2.2362244333814765
DCS_E5114.csv,2,8.587918505654134,17.315412609419145,0.0901962260532042,5.94882056577178,17.315412609419276
DCS_E5114.csv,3,9.522024212835456,21.716962615956362,0.0910767212358509,4.267933815536374,21.716962615956366
DCS_E5114.csv,4,10.190221112164073,8.704921646699677,0.18256443196380254,9.999999999999993,8.704921646699775
DCS_E5115.csv,1,7.771897415651321,2.3824494467222017,0.09936519351782248,2.168707277514404,2.3824494467221995
DCS_E5115.csv,2,8.592995815996257,20.316488966483508,0.09088788488566506,6.106746917741321,20.316488966483547
DCS_E5115.csv,3,9.523652983017934,26.900654454171043,0.09034194221064759,4.254526579524904,26.900654454170915
DCS_E5115.csv,4,10.195575378188789,10.612714064729918,0.18192569237459372,9.999999999999696,10.612714064729898
DCS_E5116.csv,1,7.7691030087760895,2.2472814247251875,0.10082097164844049,2.2273196861327134,2.2472814247251907
DCS_E5116.csv,2,8.593801704866967,20.723180234451554,0.0910142967356707,6.188017337480683,20.723180234451394
DCS_E5116.csv,3,9.52262878335985,25.13932246509155,0.0908145217205917,4.283068946474708,25.139322465091528
DCS_E5116.csv,4,10.195131981209533,9.882269362353446,0.18090946382869533,9.999999999999732,9.882269362353355
DCS_E512.csv,1,7.775452556072078,3.026589845256035,0.11053450856917442,1.2843461842692137,3.0265898452548106
DCS_E512.csv,2,8.576479635753243,11.394125675706018,0.09208771401070596,5.632342850250816,11.394125675706041
DCS_E512.csv,3,9.520198621395323,12.982347912708459,0.09588627118805514,4.162346224107062,12.98234791270847
DCS_E512.csv,4,10.202595728647776,6.085182164783175,0.18164098268729056,9.999999999999998,6.085182164783258
DCS_E513.csv,1,7.776780959647186,2.9613201566505665,0.11086026965236588,1.3575887056797684,2.9613201566503347
DCS_E513.csv,2,8.577836275833333,11.570210664762262,0.09189604671719916,5.61212939459623,11.570210664762262
DCS_E513.csv,3,9.521987436623712,15.035879794913985,0.09463387549275082,4.1535050882043665,15.035879794913974
DCS_E513.csv,4,10.19819184075537,6.7138959152771776,0.18215575973871925,9.999999999999995,6.713895915277195
DCS_E514.csv,1,7.77387572976978,2.9426432178905273,0.1098193944366213,1.488644260017085,2.9426432178905157
DCS_E514.csv,2,8.577820180341325,12.318207536846177,0.09198266624374798,5.749629388207654,12.318207536846181
DCS_E514.csv,3,9.522474040622006,17.232036567253296,0.09369974386826169,4.19465368272387,17.232036567253203
DCS_E514.csv,4,10.19608787632055,7.492803211563287,0.18127336533021454,9.999999999999998,7.492803211563219
DCS_E515.csv,1,7.776320293893612,2.980540564649654,0.10697504516600234,1.5436133949148618,2.980540564649648
DCS_E515.csv,2,8.582625818601416,12.692695426230067,0.09247083128246884,5.92526500323059,12.692695426229974
DCS_E515.csv,3,9.524231601636185,18.833437844057187,0.09317428666259198,4.246594876200001,18.8334378440572
DCS_E515.csv,4,10.19742024935391,8.020290629687942,0.18001401766965314,9.999999999999066,8.020290629687857
DCS_E5206.csv,1,7.775024813841759,3.0946848486932783,0.10400166435550531,1.6139260411128247,3.094684848693281
DCS_E5206.csv,2,8.583539627295114,13.570792428180797,0.09199431269117511,6.036643064126144,13.570792428180884
DCS_E5206.csv,3,9.524177124322245,21.00035061963273,0.09188282092223032,4.249222372213434,21.000350619632833
DCS_E5206.csv,4,10.194502866495837,8.861730604787946,0.18027823301871193,9.999999999999998,8.86173060478784
DCS_E5207.csv,1,7.774323014732562,3.0432341723525633,0.10551517814370243,1.7099246467090055,3.0432341723525607
DCS_E5207.csv,2,8.585095258887534,13.82085958376526,0.092636137139762,6.164599190266918,13.820859583765154
DCS_E5207.csv,3,9.525168084033394,22.20672104961995,0.09169901385242092,4.274567720000326,22.206721049619926
DCS_E5207.csv,4,10.195373687890674,9.239565882585632,0.17917099690227964,9.999999999999998,9.239565882585605
DCS_E5208.csv,1,7.771397965680487,3.077863825972813,0.10599796915323761,1.801849057841671,3.0778638259728157
DCS_E5208.csv,2,8.581618233271895,14.659814135409839,0.09246247014553026,6.044352053382143,14.659814135409823
DCS_E5208.csv,3,9.521706740560454,24.071212503378785,0.09172284484609668,4.237873122373595,24.071212503378675
DCS_E5208.csv,4,10.190911195122327,9.949041545092902,0.18081047789657143,9.999999999999998,9.949041545093005
DCS_E5209.csv,1,7.009319888841422,1.170270702775605,0.17204718192718232,4.8253864453057425,1.1702707027756054
DCS_E5209.csv,2,7.7672246745935025,3.2852583326226523,0.10247710966328571,1.6863757212546229,3.2852583326226523
DCS_E5209.csv,3,8.583023991985632,14.963728794344727,0.09274499420042596,6.140159528467797,14.963728794344762
DCS_E5209.csv,4,9.521970004800616,25.108240417993844,0.09147777992332896,4.274609349112784,25.108240417993812
DCS_E5209.csv,5,10.192360970717942,10.348652832099532,0.18037288872075685,9.999999999942496,10.348652832099559
DCS_E521.csv,1,7.773565808526235,2.863835853630799,0.1119756728854593,1.3041868309597815,2.8638358536300554
DCS_E521.csv,2,8.575160714866241,11.101616731208702,0.09234125728396503,5.62220195986495,11.10161673120876
DCS_E521.csv,3,9.516759560591867,10.99047236433515,0.09664472786183256,4.080874503862397,10.990472364335144
DCS_E521.csv,4,10.203728575862897,5.418647608158382,0.18208454420616432,9.999999999999964,5.418647608158377
DCS_E5210.csv,1,7.767867842163105,3.0354492726183593,0.10145334328924872,1.7199328171302177,3.0354492726183593
DCS_E5210.csv,2,8.582415415985244,15.790618673840159,0.09183407626770773,6.1195983634759,15.790618673840038
DCS_E5210.csv,3,9.518972988051859,25.083612173136878,0.09050233920353833,4.197056904398509,25.083612173136913
DCS_E5210.csv,4,10.18846029374329,10.170262186246946,0.180692021676932,9.999999999996058,10.170262186246916
DCS_E5211.csv,1,7.767353712733141,3.1341245343835564,0.1011620370898976,1.7456462777773503,3.1341245343835564
DCS_E5211.csv,2,8.585957659554573,15.917645704373383,0.09295601080842388,6.273571459323114,15.917645704373516
DCS_E5211.csv,3,9.521057720364954,25.688984331364967,0.0909300892093567,4.249171212206986,25.688984331364846
DCS_E5211.csv,4,10.18916869595734,10.421451765001022,0.18081856703303598,9.999999999999998,10.421451765001061
DCS_E5212.csv,1,7.7676488074804615,2.7526566562111006,0.10169066401731287,1.7904579817405346,2.752656656211101
DCS_E5212.csv,2,8.586696131656357,16.112827830070124,0.09295477355620466,6.315862622448121,16.112827830070156
DCS_E5212.csv,3,9.520715949022959,23.860219703109266,0.09146183316989015,4.268040057461322,23.860219703109227
DCS_E5212.csv,4,10.189624722080845,9.675561332249414,0.18150818873375515,9.999999999999998,9.675561332249298
DCS_E5213.csv,1,7.769015267495435,2.349991126656677,0.10192270044154209,1.8712269811975888,2.3499911266566778
DCS_E5213.csv,2,8.583450682169547,15.558031405240097,0.09139973390683118,6.017797069413298,15.558031405240067
DCS_E5213.csv,3,9.521357890353517,21.398934174555368,0.09133855439337339,4.198436755152346,21.398934174555336
DCS_E5213.csv,4,10.189607259753886,8.664316244946207,0.18325345160070777,9.999999999998835,8.664316244946306
DCS_E5214.csv,1,7.768854074745775,2.310672781264748,0.09993309831741115,1.9461507995146237,2.310672781264749
DCS_E5214.csv,2,8.586388399084187,17.88304080225644,0.08999511832162191,5.819211647617765,17.883040802256303
DCS_E5214.csv,3,9.522360636273236,22.430054797069545,0.09149948654466558,4.208433748217458,22.430054797069435
DCS_E5214.csv,4,10.19298530630917,8.909630142119221,0.1826093586024012,9.99999999999969,8.909630142119132
DCS_E5215.csv,1,7.771185869383835,2.4111980024652593,0.09959810178374376,2.1789721873394248,2.411198002465263
DCS_E5215.csv,2,8.593463217399114,20.491082698841403,0.09056337892648256,6.174076920769578,20.491082698841428
DCS_E5215.csv,3,9.52324778011743,27.25990997221476,0.08967869187618747,4.242167864934543,27.259909972214867
DCS_E5215.csv,4,10.195179494485547,10.727306733726426,0.18127260281173843,9.999999999984624,10.727306733726435
DCS_E5216.csv,1,7.770492143281449,2.330803593069155,0.09971066802235846,2.2444462610462734,2.3308035930691577
DCS_E5216.csv,2,8.596720500624725,21.433531443445055,0.0910797782809569,6.313840165937233,21.433531443445094
DCS_E5216.csv,3,9.523125093327181,26.09665718187973,0.09033327073703998,4.315751567925993,26.096657181879703
DCS_E5216.csv,4,10.194737155497487,10.27831695364886,0.1804545207492894,9.999999999994111,10.278316953648833
DCS_E522.csv,1,7.777818049465678,2.567053673706854,0.12765440430903996,1.698043859445127,2.5670536737068534
DCS_E522.csv,2,8.576295052098958,11.325144825325907,0.09221276256516746,5.719049522741761,11.325144825325879
DCS_E522.csv,3,9.519204120726949,12.973433450981068,0.09504470798123095,4.154910855768573,12.973433450981084
DCS_E522.csv,4,10.202189468081581,6.06907622425686,0.1805112869566592,9.999999999999964,6.069076224256858
DCS_E523.csv,1,7.77351581527325,2.9232946987129322,0.1110746405278448,1.3734626381546133,2.923294698712766
DCS_E523.csv,2,8.575811978371828,11.425133855423184,0.0919620058674605,5.748008176208687,11.425133855423264
DCS_E523.csv,3,9.519781411409724,14.913379615988518,0.09395269880731512,4.181685343277618,14.913379615988536
DCS_E523.csv,4,10.196472738672488,6.641605081494814,0.18039497606981356,9.999999999999956,6.641605081494824
DCS_E524.csv,1,7.776047301181458,3.041509132405349,0.10929208021486357,1.4807373033585634,3.0415091324053316
DCS_E524.csv,2,8.580614750561516,12.521114453515205,0.09206300937159173,5.77570391732852,12.521114453515231
DCS_E524.csv,3,9.52319572301504,17.58195882204617,0.09364705593105631,4.192876446436637,17.581958822046182
DCS_E524.csv,4,10.19690094828006,7.657979794600524,0.18170617150213614,9.99999999999881,7.657979794600616
DCS_E525.csv,1,7.77280239182816,2.9836535694134625,0.10615379099787338,1.5131470390931276,2.983653569413458
DCS_E525.csv,2,8.57811604330241,12.618826376980739,0.09200568227760833,5.7845952907769655,12.618826376980666
DCS_E525.csv,3,9.52027640617888,18.723076935721444,0.09280110647147007,4.165294642645181,18.72307693572153
DCS_E525.csv,4,10.19228325260836,7.980397078805334,0.18156416359534644,9.999999999999998,7.98039707880533
DCS_E530.csv,1,7.783870946812609,2.16712505124912,0.10651461002762837,2.1167165566095267,2.167125051249122
DCS_E530.csv,2,8.5766773318583,10.832364887646042,0.09210659782594276,5.5910641042147935,10.832364887646106
DCS_E530.csv,3,9.515207030752526,8.26870879192565,0.1029240946021241,4.160539769539289,8.268708791925654
DCS_E530.csv,4,10.225470914877397,3.7665676518068274,0.21546606642932942,9.999999999999998,3.766567651806863
DCS_E531.csv,1,7.7706037347795975,2.87680476375004,0.11124876340410574,1.2759233615092644,2.8768047637486407
DCS_E531.csv,2,8.572343926534334,10.971646751379202,0.09267299850119558,5.592276848337554,10.971646751379199
DCS_E531.csv,3,9.515748649365774,10.786964785134446,0.09754315649840725,4.139991520693892,10.786964785134453
DCS_E531.csv,4,10.202999450158156,5.333369148287446,0.18167973198877338,9.999999999999998,5.33336914828743
DCS_E533.csv,1,7.743702523571906,2.666658598252765,0.10291967292200668,1.4634251784317929,2.666658598252746
DCS_E533.csv,2,8.559514015715093,11.244084137665775,0.08656080226551423,5.46250121126489,11.24408413766571
DCS_E533.csv,3,9.49380758965764,14.059244678260777,0.09095619767534129,4.490655733106538,14.059244678260843
DCS_E533.csv,4,10.15071994084347,7.138221635588427,0.1596769406092944,6.451290140339639,7.138221635588486
DCS_E534.csv,1,7.77470193821818,2.9861565390466884,0.11132587707081834,1.5027843112793158,2.986156539046679
DCS_E534.csv,2,8.580115979319947,12.329130643005769,0.09199795626725563,5.8281786448035025,12.329130643005799
DCS_E534.csv,3,9.521497992060702,17.429619213209914,0.09285769414113199,4.1563024551791825,17.429619213209833
DCS_E534.csv,4,10.196446661223522,7.527570037641573,0.18026106491952196,9.999999999995481,7.527570037641556
DCS_E535.csv,1,7.774050508399806,2.960977284024775,0.109207663626228,1.5808545724344478,2.9609772840247732
DCS_E535.csv,2,8.579217929947609,12.804375710157514,0.09178432081044947,5.773234557349048,12.804375710157437
DCS_E535.csv,3,9.520833445756764,19.027381049819244,0.09267658107469548,4.1473347500836715,19.027381049819315
DCS_E535.csv,4,10.192417876408557,8.125089499512292,0.18220217633709102,9.999999999987331,8.125089499512217
DCS_E610.csv,1,7.779403958944241,2.4702445992900812,0.11171780248621659,1.9567865850140622,2.4702445992900786
DCS_E610.csv,2,8.570755454523159,11.873273792680152,0.08938123564774515,5.362184386015816,11.873273792680227
DCS_E610.csv,3,9.507140387311937,8.623485828797458,0.09916905280921658,4.065851381464509,8.623485828797458
DCS_E610.csv,4,10.211981091951602,3.477737382273548,0.2056963584081723,9.999999999999998,3.477737382273539
DCS_E611.csv,1,7.763365756495094,3.1318927832233134,0.12759623158410086,1.3506655608612808,3.131892783223026
DCS_E611.csv,2,8.549343490754282,11.835423486077726,0.09159213044722722,5.75451603128869,11.835423486077795
DCS_E611.csv,3,9.509559735432259,12.139907153364465,0.0940257503169411,4.002353373630021,12.13990715336448
DCS_E611.csv,4,10.193490650329936,5.910931767612412,0.18484316242847673,9.999999999999998,5.910931767612409
DCS_E6110.csv,1,7.737064066759798,2.2324408034919627,0.09845728941161035,1.8956282638294135,2.2324408034919645
DCS_E6110.csv,2,8.558207484192087,15.541202504392158,0.08537046854344336,5.368330848229185,15.541202504392144
DCS_E6110.csv,3,9.487001580152437,19.688428449773305,0.08955484730136226,4.2762990086828605,19.688428449773383
DCS_E6110.csv,4,10.15332308917419,8.561442816700843,0.18147356039991933,9.999999999999998,8.561442816700731
DCS_E6111.csv,1,7.738406947163822,2.1131433264971626,0.09679573302554903,1.9260776432220452,2.113143326497162
DCS_E6111.csv,2,8.555169196104549,15.467622612777657,0.08479996334691846,5.354219770409454,15.467622612777664
DCS_E6111.csv,3,9.485470399917583,19.38230475220163,0.08925023514700331,4.285275290154296,19.382304752201716
DCS_E6111.csv,4,10.153993670951103,8.487651338069604,0.17999494424703105,9.999999999999998,8.487651338069645
DCS_E6112.csv,1,7.825217803263859,1.9217573054893144,0.0999988231213289,2.3288891776990317,1.9217573054893153
DCS_E6112.csv,2,8.648873100711313,15.416060037342909,0.08722492243945447,5.589107954822828,15.416060037342803
DCS_E6112.csv,3,9.592677345811985,18.921593554400353,0.08716858448449402,4.116832999100281,18.921593554400374
DCS_E6112.csv,4,10.265522158770912,8.714982430838122,0.1664536217700724,7.012324840990807,8.714982430838123
DCS_E6113.csv,1,7.838661831696206,1.8543414299981142,0.09821137427345776,2.1041752899889112,1.8543414299981136
DCS_E6113.csv,2,8.660590208748905,16.521263588400537,0.08575678410034698,5.456440051063192,16.521263588400434
DCS_E6113.csv,3,9.608590154658227,18.98036283300264,0.08842690415303571,4.234069307116977,18.980362833002655
DCS_E6113.csv,4,10.28765925102592,8.215889462295644,0.1762887644308879,9.185456881512335,8.21588946229572
DCS_E6114.csv,1,7.7296565273728195,1.9045560196173648,0.09695746490626499,2.183583376267296,1.9045560196173676
DCS_E6114.csv,2,8.541721077627178,18.096076899632436,0.08602120271223519,5.7899546723651305,18.096076899632415
DCS_E6114.csv,3,9.475579939191217,20.72360978629478,0.08774003089325869,4.322814812748363,20.723609786294784
DCS_E6114.csv,4,10.143744671354249,8.856151361712106,0.17783976954354458,9.999999999996248,8.856151361712143
DCS_E6115.csv,1,7.7271447850706165,1.6404346444392286,0.09831262065540189,2.382486199894075,1.6404346444392304
DCS_E6115.csv,2,8.5330696242749,18.458958887360414,0.08471248624127657,5.5680260211378645,18.45895888736054
DCS_E6115.csv,3,9.471728370780477,19.33372923775313,0.08935676260070427,4.34063056648738,19.33372923775313
DCS_E6115.csv,4,10.140625602634108,8.231743477666106,0.17932152679206023,9.999999999999982,8.231743477666088
DCS_E6116.csv,1,7.818453919208526,1.5751220521793083,0.09727477998152757,2.350750163918708,1.575122052179307
DCS_E6116.csv,2,8.62892766871047,19.222900046151768,0.08628390047137124,5.582290415257202,19.222900046151636
DCS_E6116.csv,3,9.581424293009817,19.621302535472633,0.09021760859457413,4.303153348426403,19.62130253547253
DCS_E6116.csv,4,10.259206704591287,8.355880275062189,0.18195089809731801,9.999999999999986,8.355880275062178
DCS_E612.csv,1,7.763821946250845,3.4562657176107523,0.10964414335802417,1.0288244436045308,3.4562657172071307
DCS_E612.csv,2,8.548592595763308,11.081367519836059,0.09118648810119297,5.647825867210549,11.081367519836066
DCS_E612.csv,3,9.511997388214086,12.75743541560069,0.09308932491748008,4.006966283190967,12.75743541560074
DCS_E612.csv,4,10.191694433573053,5.940177771899048,0.1850897899343197,9.999999999999877,5.9401777718990365
DCS_E613.csv,1,7.7632974951959985,3.2021487781621754,0.10433456190417349,1.168360574879983,3.2021487781453692
DCS_E613.csv,2,8.548377713834354,11.553885747419956,0.09118827944579584,5.7425256343052276,11.553885747419873
DCS_E613.csv,3,9.511806147786347,15.195258533770248,0.09147729041712177,4.0241133251929115,15.195258533770172
DCS_E613.csv,4,10.187202088127794,6.73531290577873,0.18404609637927166,9.99999999995463,6.735312905778659
DCS_E614.csv,1,7.739271035004049,2.2012433478232376,0.09806885772697807,1.9029241997294237,2.201243347823238
DCS_E614.csv,2,8.563833541720305,15.177648239497987,0.08521769781402566,5.524458497152687,15.17764823949788
DCS_E614.csv,3,9.491460792691317,18.981526768526237,0.08819347625342051,4.341864273575944,18.981526768526265
DCS_E614.csv,4,10.167412171326282,8.374392029173867,0.1803914929677268,9.999999999996456,8.374392029173757
DCS_E615.csv,1,7.763647754495367,3.0165396936973226,0.10632818862133403,1.5356828660171922,3.0165396936973212
DCS_E615.csv,2,8.558919249617329,13.225073486294944,0.08859602927430744,5.546989080015859,13.225073486294846
DCS_E615.csv,3,9.513797521648174,19.40986819510028,0.09085002773213476,4.136162626930212,19.40986819510031
DCS_E615.csv,4,10.184533457788731,8.276742072543351,0.18373918464974703,9.99999999999878,8.27674207254328
DCS_E616.csv,1,7.761225132727413,3.022922706305079,0.09891906669237054,1.4206172572175102,3.0229227063050224
DCS_E616.csv,2,8.556632216604914,12.795713778237674,0.08815864951500559,5.477692898806182,12.795713778237769
DCS_E616.csv,3,9.514322893207462,19.41956974165697,0.09041718545949737,4.147141769917752,19.419569741656982
DCS_E616.csv,4,10.184427629432847,8.203227972554606,0.18395764393341724,9.999999999936707,8.203227972554627
DCS_E617.csv,1,7.763119821619134,2.8183191472554254,0.09963656427551518,1.519308279057443,2.818319147255419
DCS_E617.csv,2,8.5656322145032,15.097726783087598,0.08922264244667417,5.727124289103088,15.097726783087683
DCS_E617.csv,3,9.516594455737547,19.634813453812058,0.0907471789294711,4.1610075207092585,19.634813453812075
DCS_E617.csv,4,10.186744142904052,8.2594858358027,0.18524815156495744,9.999999999943823,8.259485835802591
DCS_E618.csv,1,7.7629169919914585,2.7480567893832237,0.09880842055332113,1.6143697776694685,2.748056789383222
DCS_E618.csv,2,8.565735305268865,15.476417374205782,0.08900847023243515,5.852664135445742,15.476417374205699
DCS_E618.csv,3,9.515981980831928,20.73330868822377,0.08993529402524239,4.194700486221437,20.733308688223776
DCS_E618.csv,4,10.18568106696023,8.59470358091343,0.1837517108684762,9.99999999999988,8.594703580913457
DCS_E620.csv,1,7.7711750450496595,2.6063050316796965,0.10681449290333976,1.713635487591891,2.606305031679699
DCS_E620.csv,2,8.55019748645449,11.515883455175006,0.09151996530594828,5.836346703688054,11.515883455175016
DCS_E620.csv,3,9.501851287112183,8.680465231393416,0.09805392090072033,3.970150233185226,8.680465231393377
DCS_E620.csv,4,10.212762276961616,3.825482586903611,0.2121813187021105,9.999999999999998,3.8254825869035667
DCS_E621.csv,1,7.7584955639360755,3.650501554404853,0.11296601828537328,1.0510555462752749,3.650501554146093
DCS_E621.csv,2,8.548453620694499,11.642676676892073,0.09186722201304645,5.91258036321389,11.642676676892073
DCS_E621.csv,3,9.506936567163095,12.043826894938961,0.09293132511068797,3.9824438403795845,12.043826894938904
DCS_E621.csv,4,10.190694110434325,5.838675336563746,0.1830959767438289,9.847302644582825,5.8386753365638215
DCS_E6210.csv,1,7.740082330395371,2.180338483906933,0.09948537643437737,1.9710834448958103,2.1803384839069304
DCS_E6210.csv,2,8.560461025366056,15.605640002388332,0.08487011619961665,5.374289615814284,15.605640002388354
DCS_E6210.csv,3,9.489059409538338,19.63645276975433,0.08886389464935214,4.265997345853685,19.636452769754346
DCS_E6210.csv,4,10.157927811234641,8.637264691130285,0.1823460119607746,9.999999999999998,8.637264691130255
DCS_E6211.csv,1,7.740994121612258,2.111408607057358,0.09784000348585223,2.002606335187027,2.111408607057359
DCS_E6211.csv,2,8.555155606258293,15.710760197847947,0.08442665591885012,5.397634742358185,15.710760197847952
DCS_E6211.csv,3,9.487641233030663,19.72467329671551,0.08885839746915467,4.321258147604747,19.724673296715515
DCS_E6211.csv,4,10.15573376862063,8.659396434285783,0.17981045526490239,9.999999999999998,8.659396434285776
DCS_E6212.csv,1,7.828649815837744,2.1656364194616406,0.09809235955840831,2.0156102839768386,2.1656364194616393
DCS_E6212.csv,2,8.652708419472035,16.08089609393593,0.08653355441947598,5.3415249975789765,16.080896093935916
DCS_E6212.csv,3,9.59716219400486,20.88396583937117,0.08930350761036994,4.155997667074098,20.88396583937108
DCS_E6212.csv,4,10.273471360188351,8.963868059467877,0.18333885010932216,9.999999999999968,8.96386805946778
DCS_E6213.csv,1,7.842745820515887,2.0288059010468875,0.09693458712191799,1.9255131608268983,2.0288059010468875
DCS_E6213.csv,2,8.665535955027707,16.96896969870427,0.08697035440283789,5.406161161030901,16.968969698704374
DCS_E6213.csv,3,9.614174444660451,20.07238094611446,0.08871339116557966,4.080755417300836,20.072380946114492
DCS_E6213.csv,4,10.282101634466196,8.35780530796603,0.17444252631391308,8.685471561960819,8.357805307966114
DCS_E6214.csv,1,7.728777913787012,1.9521110981999688,0.09619603550323741,2.144115838531635,1.952111098199969
DCS_E6214.csv,2,8.53699749527172,18.528832776179435,0.08527412160375147,5.554154454248471,18.528832776179566
DCS_E6214.csv,3,9.473504431381565,21.205352370311815,0.08767869103094574,4.215261629778743,21.205352370311854
DCS_E6214.csv,4,10.142262612244277,8.970891342328246,0.17882410460013487,9.999999999999998,8.97089134232833
DCS_E6215.csv,1,7.727999576526447,1.6271501541293318,0.097620077919686,2.4547996997656663,1.62715015412933
DCS_E6215.csv,2,8.531616721364589,18.74670264221754,0.08490451558439718,5.590662431545931,18.746702642217407
DCS_E6215.csv,3,9.471999897476818,18.52949580654972,0.09009750652137562,4.368240911914709,18.52949580654982
DCS_E6215.csv,4,10.145511063203065,8.172476280263414,0.17756924331877078,9.999999999999998,8.172476280263444
DCS_E622.csv,1,7.763197870739656,2.845620547128978,0.12766880852844212,1.397805378097734,2.8456205471288865
DCS_E622.csv,2,8.548517493123908,11.108978892779092,0.09131857908086442,5.816442279913534,11.10897889277915
DCS_E622.csv,3,9.50966190185249,12.924511289050777,0.09185737323118702,3.978747428828525,12.924511289050729
DCS_E622.csv,4,10.189642650303021,5.987401349523679,0.1839982386244367,9.999999999977922,5.987401349523671
DCS_E623.csv,1,7.764267337523602,3.192612843878694,0.10539500457903578,1.1950510508289889,3.1926128438696053
DCS_E623.csv,2,8.550673759512675,11.698507691991892,0.09113259952777011,5.799880443182206,11.698507691991882
DCS_E623.csv,3,9.51236121870799,15.395532269734051,0.09179553958560255,4.0561170822061925,15.395532269733994
DCS_E623.csv,4,10.186824340334239,6.85319829456654,0.18446962529292416,9.999999999999998,6.853198294566554
DCS_E624.csv,1,7.738839314671647,2.3872042559010076,0.09955345395697002,1.7610345127995573,2.387204255901005
DCS_E624.csv,2,8.564095068004502,15.52265203700133,0.08533924189276793,5.408740962286756,15.522652037001341
DCS_E624.csv,3,9.489699056507083,19.442159385802523,0.08933375917575553,4.273465679454055,19.442159385802558
DCS_E624.csv,4,10.156014447471609,8.511342907019696,0.182322318964838,9.999999999999998,8.51134290701973
DCS_E625.csv,1,7.7616968157669275,3.3541680433904846,0.0997538543639558,1.3225353302646565,3.3541680433899113
DCS_E625.csv,2,8.55768107696758,13.334228496613008,0.08811828843853009,5.4951721864283725,13.334228496613003
DCS_E625.csv,3,9.51415961144234,19.55085279986062,0.09036825597086177,4.114286562970637,19.550852799860632
DCS_E625.csv,4,10.184771396940398,8.348798989042727,0.18389904715018587,9.999999999999954,8.348798989042749
DCS_E626.csv,1,7.762589346774234,3.0275466270343507,0.09808576440707867,1.4222343675610198,3.0275466270342974
DCS_E626.csv,2,8.55749611127436,12.881721727411824,0.08792763322875263,5.4640237505041025,12.88172172741191
DCS_E626.csv,3,9.514777373927707,19.57976905692916,0.08985935727372142,4.11403263189217,19.57976905692913
DCS_E626.csv,4,10.185119116990878,8.247216533712354,0.18384449540121175,9.999999999997959,8.24721653371235
DCS_E627.csv,1,7.763649824712768,2.8031878090197075,0.09886782463598381,1.5562129441609118,2.803187809019705
DCS_E627.csv,2,8.565250906699807,15.358728430278639,0.08890300118413841,5.750372372095087,15.358728430278527
DCS_E627.csv,3,9.515160174460023,19.974327445683162,0.0902114673314806,4.166427522738308,19.974327445683077
DCS_E627.csv,4,10.185040535069389,8.38187608016413,0.1845006358941356,9.999999999998472,8.381876080164233
DCS_E628.csv,1,7.762765505275258,2.7573538280847836,0.09797274951749278,1.6000569167667393,2.7573538280847836
DCS_E628.csv,2,8.564415264156676,15.579858040339099,0.08890346236385324,5.7420007795153785,15.579858040339131
DCS_E628.csv,3,9.514384965646814,20.866622993422915,0.08988160694774311,4.120544614200014,20.86662299342303
DCS_E628.csv,4,10.18433113015586,8.582042976222247,0.18439600073291754,9.999999999973458,8.582042976222153
DCS_E630.csv,1,7.769679789075169,2.6478867100492542,0.10812165961128345,1.7180549970763308,2.6478867100492534
DCS_E630.csv,2,8.547164204594628,11.591388652042673,0.0912758958594771,5.676775514689321,11.591388652042587
DCS_E630.csv,3,9.50057473803517,8.83670043215455,0.09843599947857731,3.855358219959711,8.836700432154508
DCS_E630.csv,4,10.211664126500015,3.916824781284755,0.21514323586952402,9.999999999999998,3.9168247812847388
DCS_E631.csv,1,7.762863855487616,3.192432488063942,0.12852208145263352,1.3190898392499952,3.1924324880633503
DCS_E631.csv,2,8.552844143437111,11.772449019414525,0.09266341966219346,5.931295819309168,11.772449019414447
DCS_E631.csv,3,9.509955773547546,12.137348514031267,0.0943548410790938,4.021735158443462,12.137348514031254
DCS_E631.csv,4,10.194120675546554,5.9117998383099355,0.18486519496496628,9.999999999999998,5.9117998383099515
DCS_E6310.csv,1,7.737250586775309,2.1991745462650694,0.09822004013034145,1.941141409346158,2.1991745462650703
DCS_E6310.csv,2,8.558074047705963,15.521568538000654,0.08539147479402437,5.51965750676409,15.521568538000654
DCS_E6310.csv,3,9.488234447525674,19.381722991856503,0.08969260736040108,4.42098021678421,19.381722991856414
DCS_E6310.csv,4,10.154171815369178,8.52115982657855,0.1790484036679149,9.999999999999996,8.52115982657863
DCS_E6311.csv,1,7.7346196174325215,2.166973067239526,0.09806424665089482,1.908143480797823,2.1669730672395255
DCS_E6311.csv,2,8.551406868524433,15.852217143225099,0.08431656544118174,5.193248736403119,15.852217143224996
DCS_E6311.csv,3,9.494868190029518,20.325467291086472,0.08933840223984801,4.180910566186337,20.32546729108638
DCS_E6311.csv,4,10.169438730396914,8.758631111184798,0.18270677102494443,9.999999999999835,8.758631111184878
DCS_E6313.csv,1,7.732747870799183,1.9081642570497728,0.09837589535863492,2.0793795684317824,1.908164257049772
DCS_E6313.csv,2,8.541230477440177,16.580106112401094,0.08528851112827199,5.578718177616027,16.58010611240109
DCS_E6313.csv,3,9.477491418625542,19.16237990436225,0.088191216198951,4.312053292973315,19.162379904362233
DCS_E6313.csv,4,10.145130440827202,8.207771249822445,0.17690445718348682,9.999999999999998,8.207771249822548
DCS_E6314.csv,1,7.728282383996765,1.9273611885357251,0.09742508213409158,2.2030459987362256,1.9273611885357247
DCS_E6314.csv,2,8.534156738989813,18.518693943687794,0.08437381954910575,5.545520404988649,18.51869394368776
DCS_E6314.csv,3,9.473058034719118,21.19115014027841,0.08894051019880211,4.36280200553373,21.1911501402785
DCS_E6314.csv,4,10.139940561065975,8.967063589999912,0.177438603625821,9.999999999999998,8.967063590000027
DCS_E6315.csv,1,7.727371152535955,1.663590986066317,0.09761774538213114,2.3881945960006976,1.6635909860663152
DCS_E6315.csv,2,8.529950685292816,18.702366798192173,0.08421839601920957,5.526627377425441,18.702366798192273
DCS_E6315.csv,3,9.47145857592893,19.347480385496816,0.08927456874178308,4.357406062112166,19.34748038549674
DCS_E6315.csv,4,10.140582946132392,8.262062371638772,0.17807222427473376,9.999999999999998,8.262062371638871
DCS_E6316.csv,1,7.82750763582106,1.6305624663899365,0.09618107009961405,2.27198131757198,1.6305624663899383
DCS_E6316.csv,2,8.637677639447212,19.52003750741641,0.08637477628128197,5.48006275460306,19.520037507416422
DCS_E6316.csv,3,9.591882539422627,20.274707946653226,0.08846213418191398,4.056439582703811,20.274707946653248
DCS_E6316.csv,4,10.272566818449574,8.498963183700461,0.18396509478273293,9.999999999993367,8.498963183700496
DCS_E632.csv,1,7.7615841922254365,3.5239442674803128,0.10967268432656535,1.0168091175680452,3.523944266944052
DCS_E632.csv,2,8.548973208702153,11.231345373488704,0.0916982432788068,5.823618429087578,11.231345373488683
DCS_E632.csv,3,9.510095818528196,12.964320631048594,0.09300526829698481,4.062265594563463,12.9643206310486
DCS_E632.csv,4,10.189072125380713,6.0375054912836,0.18403264112568435,9.999999999999998,6.037505491283626
DCS_E633.csv,1,7.760678805473148,3.326561989620316,0.1060553547035302,1.183722709044826,3.326561989607941
DCS_E633.csv,2,8.5505438957525,11.777295428640398,0.09165327782120444,5.96597864509338,11.777295428640482
DCS_E633.csv,3,9.509649948182927,15.594821166169536,0.09116160880235971,4.086885031148784,15.594821166169474
DCS_E633.csv,4,10.172658706063231,7.010529868287216,0.1784246588103707,8.386698473087636,7.0105298682872315
DCS_E634.csv,1,7.737647390934031,2.354605652176577,0.09739568492718181,1.7731011953557576,2.3546056521765766
DCS_E634.csv,2,8.562096167017287,15.47326135664551,0.08537249819160506,5.5458084111605475,15.473261356645473
DCS_E634.csv,3,9.489305491728437,19.298535127609206,0.08934887536823889,4.40996020248215,19.298535127609178
DCS_E634.csv,4,10.154795100524394,8.46687557728222,0.17946119843183206,9.999999999999998,8.466875577282135
DCS_E635.csv,1,7.764746968910712,2.9905570639263535,0.10761753992511797,1.560176467031069,2.990557063926351
DCS_E635.csv,2,8.559596636716005,13.217739029020724,0.08814153718468827,5.530020683834065,13.217739029020706
DCS_E635.csv,3,9.51393988904611,19.461696839275575,0.08994820801451948,4.092875790452414,19.461696839275646
DCS_E635.csv,4,10.18451333362473,8.296953525528759,0.1840827334172168,9.99999999933682,8.296953525528778
DCS_E636.csv,1,7.763085300619476,3.0195857553567964,0.10037502644475378,1.446804052217417,3.0195857553567604
DCS_E636.csv,2,8.55794355870074,12.95116679003572,0.08795676834015784,5.440286674815507,12.951166790035645
DCS_E636.csv,3,9.514971055801972,19.776816890411315,0.0898479378865009,4.074993053998757,19.77681689041131
DCS_E636.csv,4,10.185311947667365,8.346698078542875,0.18506388483640102,9.999999999998192,8.346698078542882
DCS_E638.csv,1,7.764534466628106,2.718030492815625,0.09923929353973865,1.6294235322484463,2.718030492815624
DCS_E638.csv,2,8.565614966255831,15.472553637892949,0.08835392428326325,5.689022918872049,15.472553637893059
DCS_E638.csv,3,9.516376179932612,20.653966051757724,0.0898354852160883,4.138658641221502,20.653966051757823
DCS_E638.csv,4,10.185557963632224,8.55990086049036,0.18483184005281,9.999999999999998,8.559900860490401
DCS_GLC_12gL_10uL.csv,1,9.519028128070214,22.592230454288515,0.08535059221411832,4.119808938547313,22.592230454288618
DCS_GLC_12gL_20uL.csv,1,9.534890579032668,46.698053977734475,0.08535613885504637,4.250861373240429,46.698053977734276
DCS_GLC_12gL_40uL.csv,1,9.55960754952771,93.19496493324671,0.08547577748532834,4.230530142201905,93.19496493324631
DCS_GLC_12gL_5uL.csv,1,9.513835939537424,11.052177014914683,0.08644536497854895,4.0806900078492525,11.052177014914724
DCS_Xylose_2gL_10uL.csv,1,10.16455037309229,3.753374838421373,0.08941784265870739,3.8730844977388355,3.7533748384213577
DCS_Xylose_2gL_20uL.csv,1,10.171975700282594,7.63471075520895,0.09047173874204288,3.8023734582483675,7.634710755208918
DCS_Xylose_2gL_40uL.csv,1,10.193232530749865,15.41946672572409,0.09269834192450609,3.7476028968728214,15.41946672572411
DCS_Xylose_2gL_5uL.csv,1,10.159061639088474,1.767000362874899,0.09013111419594594,3.938546624719156,1.7670003628748958
E3101.csv,1,9.091419315231516,4.902303345333483,0.1011748198843297,0.6032299481181977,4.901969541238705
E3101.csv,2,10.266863241655654,211.4635194543503,0.11662035003114679,7.572678943590678,211.4635194543499
E3101.csv,3,11.971229131495656,6.772337960896152,0.2496962592894863,9.999999999999998,6.772337960896079
E3102.csv,1,9.10050265201515,4.7964947683641395,0.09940125281756858,0.641042245455417,4.7963147270895075
E3102.csv,2,10.26665175909778,232.02306395858938,0.1076444739050777,5.576611837117547,232.0230639585893
E3102.csv,3,11.978899105921428,7.238421093450777,0.24313195893050735,9.99999999991542,7.238421093450772
E3103.csv,1,9.106414500514777,4.766092179111109,0.1003910750039838,0.6661811232024356,4.765971723984915
E3103.csv,2,10.28655468779598,227.26423526092213,0.11438556701912402,6.532223192333019,227.26423526092228
E3103.csv,3,11.986315842626073,7.538546932303778,0.23694061964521493,9.999999999950193,7.538546932303854
E3104.csv,1,9.108363223731619,4.4773324355937705,0.10390303483181862,0.7546073034296386,4.477304965361481
E3104.csv,2,10.30330852012256,232.83678877184295,0.12097224262907079,7.330223884815746,232.83678877184232
E3104.csv,3,11.989840808924486,8.121933659627759,0.2382828231918611,9.999999999999998,8.121933659627757
E3105.csv,1,9.115249339219734,4.211469586553018,0.1034407524890002,0.8602483868176088,4.211464670689859
E3105.csv,2,10.30458916549239,258.74435378749877,0.1146242492500433,5.590050531298011,258.7443537874985
E3105.csv,3,11.938328003467326,8.89805429105788,0.20284061556731037,4.6818373051028805,8.898054291057877
E3106.csv,1,9.120151508925519,4.100456055760335,0.10406532565470217,0.9279037556000878,4.100454438304016
E3106.csv,2,10.31748980201628,266.4349877375419,0.11846657457866752,5.804713774790316,266.4349877375421
E3106.csv,3,11.049035142859644,39.49415372534251,0.3296747080247719,9.999999999999833,39.49415372534302
E3106.csv,4,11.951145690081908,9.11405469579609,0.20627128794891997,5.1260350708373785,9.114054695796142
E3107.csv,1,9.130116817744101,3.4208427642028836,0.10998963042688338,1.1012338331411398,3.42084267560889
E3107.csv,2,10.327933864478252,272.7372591565144,0.11720057977903185,5.526003367554304,272.73725915651613
E3107.csv,3,10.883929580410136,72.16019310533916,0.6123552238569997,9.999999994042902,72.16019310533923
E3107.csv,4,12.004116405056356,8.428373942360512,0.2294436768246173,8.62992601836552,8.428373942360428
E3108.csv,1,9.129586902425748,3.3181249382577698,0.11201058489764118,1.2278708244694663,3.318124926723283
E3108.csv,2,10.341661891343115,283.57391924638995,0.1240448362140588,5.790815562044094,283.5739192463903
E3108.csv,3,11.052160321806713,43.192282437059994,0.3556003345106335,9.999999999627422,43.192282437059795
E3108.csv,4,12.002130802392685,8.780558599369897,0.2254691233075358,8.112213694388556,8.78055859936992
E3109.csv,1,9.138729370167898,3.2508856380033726,0.11460147305512022,1.2882037509148083,3.2508856336078753
E3109.csv,2,10.343505463914424,307.91381054525516,0.11640370380039464,4.621645199312566,307.9138105452564
E3109.csv,3,11.037682555586656,50.377035155817545,0.40840776655356914,9.999999999999625,50.37703515581712
E3109.csv,4,11.97465892765236,9.4025608644588,0.2082628641421017,5.193902991406059,9.402560864458788
E3111.csv,1,9.144886054206095,3.2429716556303942,0.10927472050959089,1.324024416215033,3.242971653181492
E3111.csv,2,10.359315946976906,358.1388137250143,0.12198434605014079,4.025846001170312,358.13881372501373
E3111.csv,3,10.972221887996584,68.91035932503023,0.527899426442188,9.999999999997078,68.91035932503122
E3111.csv,4,11.982037249846531,9.761751299320462,0.20717651273268692,5.071184668624587,9.76175129932052
E3112.csv,1,9.150776886245822,3.167066087695569,0.11282485082305044,1.3849041723375741,3.1670660867550633
E3112.csv,2,10.37272036294175,349.3981256725259,0.12302372177846153,4.30697750012129,349.3981256725253
E3112.csv,3,11.043389109705956,52.734397680944525,0.40453980870260237,9.999999999999982,52.734397680944696
E3112.csv,4,11.992195357329367,9.823856232293005,0.211999171908642,5.325708029407792,9.823856232292988
E3113.csv,1,9.15546016405129,2.5933767859709964,0.11662801147218277,1.5061123410758561,2.5933767858570462
E3113.csv,2,10.379643387495578,285.8938927295566,0.1217807163320733,5.562735326516457,285.89389272955634
E3113.csv,3,11.044188038082295,48.67279335449809,0.4296770501464302,9.999999999999998,48.6727933544974
E3113.csv,4,12.009418486989391,8.593702689122159,0.2200499973642318,6.1623231921728525,8.593702689122104
E3114.csv,1,9.160041407392493,3.215907395926482,0.11471756566905549,1.4771213002129517,3.21590739570151
E3114.csv,2,10.408844223436885,353.33661550778805,0.13066488081182095,4.936283193302408,353.3366155077883
E3114.csv,3,11.085979870312054,49.9903153925695,0.36187084837737604,9.999999999999932,49.990315392569535
E3114.csv,4,12.01627368124636,10.353112607504958,0.21933067857558292,6.085022739438352,10.35311260750488
E3115.csv,1,9.165545980646932,3.360590492839683,0.10858834722164991,1.479027098877782,3.3605904926100405
E3115.csv,2,10.432039350006606,402.6207984207019,0.14199417649833362,4.725159480426233,402.62079842070403
E3115.csv,3,10.750000000000021,122.69791134056865,0.7201888387154729,9.999999999991209,122.69791134057
E3115.csv,4,11.994180638303456,11.666546057326658,0.20141962461360954,4.2415457441890165,11.666546057326713
E3116.csv,1,9.172410829168834,3.1829877513922122,0.10759255319710703,1.6187621952482463,3.1829877513680915
E3116.csv,2,10.445719600239551,455.88019982027606,0.15032442546033237,4.030715799827398,455.88019982027373
E3116.csv,3,12.001767711112592,12.12222831368414,0.20317942556230978,4.221261142021633,12.12222831368415
E3117.csv,1,9.181961193641555,3.131705734785139,0.11263425056738025,1.6867054401836212,3.131705734777115
E3117.csv,2,10.460411615248253,497.7615230598769,0.1620903103504975,3.7565752587383203,497.76152305987847
E3117.csv,3,12.031326827999939,12.016664667384315,0.22238112288953266,5.393686056697607,12.016664667384397
E3200.csv,1,9.100950875592353,3.1101551985209572,0.09753909882494352,1.209784731765811,3.1101551846401434
E3200.csv,2,10.261592670523896,220.41872987516751,0.11378823567277374,6.881698987881326,220.4187298751679
E3200.csv,3,11.999560018836508,5.72850144558857,0.26492199584897547,9.999999999937057,5.728501445588507
E3201.csv,1,9.091945985753094,5.312027988155686,0.1010799163034425,0.5708293191100149,5.311422295463062
E3201.csv,2,10.274543724987597,215.12549006083344,0.11919956189006713,7.850630079576591,215.1254900608331
E3201.csv,3,11.974032757646663,6.959496369786143,0.2517007986601617,9.999999999999998,6.959496369786132
E3202.csv,1,9.10116486656028,5.0250603106234575,0.10275880914935805,0.6253856721946165,5.024818266922128
E3202.csv,2,10.27509182760856,228.46795670703452,0.11037756660762439,6.0331816610801425,228.4679567070329
E3202.csv,3,11.982081886995275,7.3271346311167145,0.24500953515850937,9.999999999999995,7.32713463111671
E3203.csv,1,9.106327139279456,4.638044868979812,0.10245527981486861,0.7181486919630181,4.637993527350841
E3203.csv,2,10.292424092436985,235.76286891018938,0.11729297685952617,6.617708702298388,235.7628689101888
E3203.csv,3,11.988220136440072,7.746725103713229,0.23652392954278087,9.99999999999062,7.746725103713125
E3204.csv,1,9.111604550709673,4.416236626282958,0.10240043728525787,0.7874643774122422,4.416220304207549
E3204.csv,2,10.29448357576668,252.23871019872223,0.10974255535693066,5.349443555813676,252.23871019872203
E3204.csv,3,11.935941580439941,8.394883911915729,0.20328684412853495,4.802587780719925,8.394883911915777
E3205.csv,1,9.118140755066399,4.2431396992214205,0.10254800747683555,0.8813977811022111,4.243136150166634
E3205.csv,2,10.311776581457856,265.11386975112526,0.11694358590579045,5.642864223698247,265.11386975112686
E3205.csv,3,10.968100335019844,53.842517623040266,0.4586907247460083,9.99999999977089,53.842517623040486
E3205.csv,4,11.945515753366921,8.924564037397161,0.202511728089992,4.9027517247394305,8.924564037397115
E3206.csv,1,9.121263929514226,3.679301519508041,0.11153451827297282,1.0885807520847517,3.6793014041431005
E3206.csv,2,10.323090921804718,265.5105031472318,0.12112032345489356,6.155227603264261,265.51050314723255
E3206.csv,3,11.046740922787667,40.56130503955162,0.331561560878404,9.99999999992406,40.56130503955203
E3206.csv,4,11.947804945751246,9.355610290286887,0.20729896147216914,4.85958743169986,9.355610290286938
E3207.csv,1,9.130146191380941,3.4440068256872225,0.11428955003330661,1.165888274842526,3.444006793668073
E3207.csv,2,10.332617609637143,285.8245495268585,0.12057935526264076,5.412219451322055,285.8245495268585
E3207.csv,3,10.940007804462626,66.02059301679238,0.5403806794446738,9.99999999998005,66.02059301679321
E3207.csv,4,11.993994916650394,8.849699769873371,0.22760076822796765,7.578005489545858,8.849699769873311
E3208.csv,1,9.133348132453179,3.4232622347660087,0.11375720384564934,1.204997762221277,3.423262217581493
E3208.csv,2,10.342099100964187,296.07467752876113,0.11770565242477449,4.98106547241428,296.0746775287616
E3208.csv,3,11.03336283437372,48.3835614800911,0.39361042440881155,9.999999999951896,48.3835614800916
E3208.csv,4,12.022810965538438,8.872742122183864,0.23323691707120098,9.999999999999998,8.872742122183842
E3209.csv,1,9.141246400033001,3.3467645968095816,0.11273722982662288,1.2644466211202479,3.3467645901974294
E3209.csv,2,10.348155446712532,323.6221263911779,0.116112128902255,4.287118861839366,323.62212639117746
E3209.csv,3,11.003295625676122,59.32178711025875,0.46367361875575164,9.999999999997124,59.3217871102589
E3209.csv,4,11.972846315492758,9.768320905399058,0.20859751218890404,4.938130858516238,9.768320905399
E3211.csv,1,9.147796042601227,3.1413458081348535,0.11530749791056172,1.3602828085563683,3.141345806762152
E3211.csv,2,10.363739925177,338.6028242036464,0.12181196128088986,4.3386510491824035,338.6028242036445
E3211.csv,3,10.926226121291842,76.07439530573477,0.5970512680395841,9.999999999999858,76.07439530573586
E3211.csv,4,11.984113748825933,9.55297403278918,0.2092309826501046,4.996957278832133,9.5529740327892
E3212.csv,1,9.153408837765006,3.1749997850698977,0.11575132727325523,1.4131643301751864,3.1749997844644877
E3212.csv,2,10.377024062254836,350.04288579307,0.12411942663801585,4.346261942852622,350.0428857930705
E3212.csv,3,11.034474069137536,55.56977684895432,0.42533021973663493,9.999999999999998,55.56977684895365
E3212.csv,4,11.994342502929879,9.939304083228969,0.21327397999613767,5.253077774524988,9.93930408322899
E3213.csv,1,9.157847981616149,3.3004797618237744,0.11458969465691012,1.422454521839175,3.3004797612772014
E3213.csv,2,10.395964304821211,361.77068416305906,0.12812744782184576,4.474457411574758,361.77068416305946
E3213.csv,3,10.989457019304199,69.72343610175727,0.5088948309365151,9.999999996624412,69.7234361017572
E3213.csv,4,12.017469385524446,10.189076442372349,0.22098020573052135,6.388666005365128,10.189076442372283
E3214.csv,1,9.16342941115713,3.261950541924908,0.11105804498599317,1.4445118706606894,3.261950541541092
E3214.csv,2,10.423502142103457,331.1222952861092,0.13174235929937145,6.034720499185131,331.1222952861074
E3214.csv,3,11.098878972455601,49.72454289108276,0.3672033834201542,9.999999999944986,49.724542891083274
E3214.csv,4,11.993705204656475,10.556267104427366,0.1978798871373427,4.382915464949859,10.55626710442737
E3215.csv,1,9.167416003587668,3.2735634535788383,0.10832216142706057,1.4701792907847326,3.273563453320854
E3215.csv,2,10.434951493693854,386.98278997731023,0.136743635593041,4.796637795015521,386.9827899773099
E3215.csv,3,10.999592563097806,73.5915003359396,0.4777423768788613,9.99999999999999,73.59150033593887
E3215.csv,4,11.989193907245966,11.631098756303413,0.19672823484044508,3.881902748462026,11.631098756303365
E3216.csv,1,9.17278950381744,3.230113895669228,0.10755770374352341,1.5686126187994098,3.230113895615109
E3216.csv,2,10.451541995545218,448.5500183006061,0.14877796862208983,4.106125803906664,448.5500183006043
E3216.csv,3,12.00834869988185,11.85248270105933,0.20597144453140556,4.4739218742020705,11.852482701059309
E3217.csv,1,9.18149115967654,2.9270891628125226,0.1102316853566831,1.7811235121355249,2.927089162810792
E3217.csv,2,10.456381190747924,498.3572070136715,0.15159456816611344,3.4118778252815436,498.3572070136693
E3217.csv,3,12.020400980696348,11.800836286818877,0.21211679468181216,4.730771048252661,11.800836286818932
E3300.csv,1,9.102851447557367,2.9521576922795254,0.09639504467815498,1.1992949367146821,2.9521576766814452
E3300.csv,2,10.263633704082862,210.44069111187946,0.11408250964969768,7.200429440627124,210.44069111187773
E3300.csv,3,11.98890138262849,6.199854690568495,0.303785304887094,9.999999999999998,6.199854690568561
E3301.csv,1,9.094463196914033,5.102862087584733,0.10218831400491826,0.5880855722809503,5.102419203020288
E3301.csv,2,10.260218288937615,225.37679127688597,0.10455525075542177,5.523940119981107,225.37679127688736
E3301.csv,3,11.975740801393586,6.876291211747371,0.2525187539070052,9.999999999999467,6.876291211747306
E3302.csv,1,9.102463867488218,5.028569459653215,0.1023230842541191,0.6386084252154847,5.028372993538928
E3302.csv,2,10.281673826716643,232.11674287913385,0.11334861883108721,6.192677424234525,232.11674287913448
E3302.csv,3,11.985152910268559,7.374051497308082,0.24397372889865324,9.999999999999993,7.374051497308101
E3303.csv,1,9.107569903355115,4.579707545553322,0.10098843714937127,0.7055996105055053,4.57964561562568
E3303.csv,2,10.294209945424882,229.50336603139746,0.11753856312655205,6.802481349414096,229.50336603139556
E3303.csv,3,11.933767120988245,7.804642821258597,0.20538817919706145,4.892351072439273,7.80464282125856
E3305.csv,1,9.11962230265847,3.9271636889465382,0.10949522177242642,0.9618420871687607,3.9271627708202663
E3305.csv,2,10.31445251191548,252.94574916901684,0.1167156018993,6.027037058217511,252.94574916901706
E3305.csv,3,10.95622286188174,54.99369581936172,0.47748695384202566,9.999999999828104,54.9936958193617
E3305.csv,4,11.946490501173036,8.798763171997228,0.20649435801735605,4.887282999752332,8.79876317199723
E3307.csv,1,9.13158608821923,3.2666812270752206,0.11279384437581332,1.1649790570204113,3.266681196219095
E3307.csv,2,10.33322680139076,275.6070902261107,0.12010206603541766,5.5439252175773435,275.6070902261113
E3307.csv,3,10.935792205595751,65.47819586587744,0.5557750524362588,9.999999991858477,65.47819586587771
E3307.csv,4,12.01719053227247,8.427441662724743,0.23478837880099457,9.999999999999758,8.427441662724853
E3312.csv,1,9.153869825205796,2.954162080919972,0.11611862400018527,1.4240402910761172,2.954162080445398
E3312.csv,2,10.383003040250436,317.5566352128672,0.12625672196145665,5.190434001405646,317.5566352128665
E3312.csv,3,11.033369414140846,53.576441456499566,0.43423797800089553,9.999999999999579,53.57644145650014
E3312.csv,4,12.00037821219626,9.324351623934083,0.21544037109604147,5.646043210258107,9.324351623934108
E3313.csv,1,9.156705294180554,3.167016436383248,0.11370857822282564,1.4434306464217515,3.1670164360076023
E3313.csv,2,10.396880914418007,349.06144436731006,0.12490070817036855,4.5927214918573185,349.0614443673083
E3313.csv,3,11.099888055139255,44.77170808560895,0.33511418594126907,9.999999999999991,44.771708085608914
E3313.csv,4,12.009581888278264,9.992527447714718,0.21697142495311944,5.9173315747613335,9.992527447714739
E3314.csv,1,9.164133941853896,2.842047246176201,0.11122834880190753,1.436694290147129,2.8420472457973855
E3314.csv,2,10.412318919077507,294.26263634915387,0.11980378235923399,5.911197719604045,294.2626363491519
E3314.csv,3,11.093893118101303,45.45750560892808,0.375138427281366,9.999999999999986,45.457505608928045
E3314.csv,4,11.989778864531209,9.512556673753755,0.19637062002484418,4.172357715567864,9.512556673753803
E3315.csv,1,9.168707450678967,3.3390644808832857,0.10847877627510055,1.398203262090743,3.3390644800603346
E3315.csv,2,10.444816207003148,371.3604338541426,0.13839444011126437,5.393274658987632,371.36043385414195
E3315.csv,3,10.993166706175211,74.4835574592671,0.49891280657134207,9.999999969629801,74.48355745926787
E3315.csv,4,12.000109662273706,11.205156062461507,0.20361273648980321,4.324375294496896,11.205156062461457
E3316.csv,1,9.176760647881512,3.2640448626971126,0.11159799086715574,1.5460746330202755,3.2640448626184635
E3316.csv,2,10.464155683640623,425.1703774502148,0.1497693124892285,4.736303775028237,425.170377450213
E3316.csv,3,12.018322501085809,11.818409488483043,0.2164290655276634,4.888519557280665,11.818409488483113
E3317.csv,1,9.194519246416572,2.8202320731673836,0.10390251012409042,1.6401314080226947,2.8202320731515993
E3317.csv,2,10.47560247671042,489.08923890739425,0.16943158206636016,4.155556243892405,489.0892389073922
E3317.csv,3,12.088867469003443,10.982404299805184,0.24108718311698013,9.999999999999998,10.982404299805157
E4100.csv,1,10.220355605617904,15.197776202512252,0.09918870927996523,4.373265247419788,15.197776202512335
E4100.csv,2,11.251497018294023,8.38481606285597,0.11016418211629796,3.880865140584969,8.384816062855936
E4100.csv,3,12.137394194275238,1.4005685380807829,0.1713212645071308,9.999999999998343,1.400568538080777
E4101.csv,1,9.384849649421934,2.5315842963607658,0.26640379013983667,9.999999999992276,2.531584296360739
E4101.csv,2,10.215275040445876,17.44317096605675,0.1059256434674147,4.26746983330328,17.44317096605666
E4101.csv,3,11.242576490325964,10.461030539040578,0.12292339335489227,3.5706168952860824,10.461030539040628
E4101.csv,4,12.095779962571456,5.197092918910832,0.24494878270271292,9.99999999999978,5.197092918910778
E4102.csv,1,9.375661830874114,2.4821778184476067,0.2772946210566515,9.999999999999998,2.482177818447611
E4102.csv,2,10.197193736916178,17.453144331508465,0.10757123782242514,4.599686048847224,17.45314433150854
E4102.csv,3,11.244961392439269,11.492435849532871,0.11980007690056002,3.5878914849299637,11.492435849532876
E4102.csv,4,12.092747264448914,5.425307581294542,0.2353434081624093,9.999999999999998,5.425307581294491
E4103.csv,1,8.258840176644448,1.5318035298153467,0.14627285870065168,2.292109823799946,1.531803529815348
E4103.csv,2,9.364092740751719,2.6896065137527234,0.30609791411536014,9.999999999822732,2.6896065137527363
E4103.csv,3,10.196851424070298,17.468240403096114,0.10561528997489503,4.461710002321814,17.46824040309619
E4103.csv,4,11.249515271667871,12.71462368825772,0.11765542104593055,3.5685805512367303,12.714623688257713
E4103.csv,5,12.091672955940092,6.1516032314852405,0.2325172109713339,9.999999999999993,6.151603231485312
E4104.csv,1,8.259924098260877,1.4972579595941522,0.15052825382628326,2.4595964885269654,1.4972579595941535
E4104.csv,2,9.356192252404691,2.7544604871946774,0.3122269244163391,9.999985916985366,2.7544604871946676
E4104.csv,3,10.19779944617342,17.628073021241807,0.10649058260589155,4.645508336038722,17.628073021241896
E4104.csv,4,11.249670099279735,13.786321683627804,0.11602270007006875,3.59368476229667,13.786321683627808
E4104.csv,5,12.088496318249854,6.509582464649588,0.22858739775283865,9.999999999995424,6.509582464649516
E4105.csv,1,9.36226075759876,2.7222020246722325,0.31050164041603867,9.999999999869779,2.722202024672203
E4105.csv,2,10.197093473476084,17.927562743465646,0.10580862719289519,4.452247602676967,17.92756274346562
E4105.csv,3,11.249015401375505,14.777189770493361,0.1141942511972394,3.406725863126287,14.777189770493312
E4105.csv,4,12.08580700086496,6.78933857282942,0.22839018015303802,9.708045665611303,6.789338572829411
E4106.csv,1,9.361387075613605,2.5216064754800067,0.3085846972299276,9.999988588894361,2.5216064754799747
E4106.csv,2,10.198179256202863,17.80608280050623,0.10616341395879397,4.602673838486183,17.806082800506317
E4106.csv,3,11.249618300935078,14.183318992139741,0.11620403970865693,3.595656698583753,14.183318992139743
E4106.csv,4,12.083291093728228,6.571582191002883,0.22830236902201226,9.999999999999998,6.571582191002882
E4107.csv,1,9.360865597685635,2.5254402709592996,0.311278326973016,9.999999997809478,2.525440270959305
E4107.csv,2,10.199351782459123,17.891747832964544,0.10631425457279622,4.6647911871262995,17.89174783296463
E4107.csv,3,11.251191696155393,14.690099384601126,0.11608947347136131,3.630618184481042,14.690099384601119
E4107.csv,4,12.083582213176165,6.772380700952845,0.22582766774548085,9.999999999999998,6.772380700952922
E4108.csv,1,9.356229717487386,2.611833703369849,0.31458947348783944,9.999999820717653,2.6118337033698253
E4108.csv,2,10.200201114052149,17.98928536743283,0.1039428930832867,4.648273725471252,17.989285367432863
E4108.csv,3,11.2519309279778,15.093062323208844,0.11225188587305018,3.5969971735821873,15.093062323208917
E4108.csv,4,12.08299276805553,6.8302354176631415,0.22358027728847585,9.999999999999998,6.8302354176632285
E4109.csv,1,9.358895585536626,2.5507907729435377,0.31271846712459883,9.999999999999812,2.5507907729435324
E4109.csv,2,10.197874931434567,17.862780643924136,0.1057069466130783,4.670136772971088,17.862780643924115
E4109.csv,3,11.249515437522183,15.283971200935731,0.11380462439383929,3.614419324021914,15.28397120093572
E4109.csv,4,12.078855536827096,6.950302924424852,0.22550546810144187,9.9999999999969,6.950302924424936
E4110.csv,1,9.355766883650052,2.58066748534387,0.31273482529880015,9.999999999999991,2.580667485343847
E4110.csv,2,10.193551713471795,18.200094055524016,0.10548524863658995,4.585392477207741,18.200094055523937
E4110.csv,3,11.247531956130869,15.879319891828128,0.11458504412198138,3.5793918301211036,15.879319891828118
E4110.csv,4,12.076873480607505,7.179394626637945,0.2252072909107446,9.99999999999734,7.179394626638016
E4111.csv,1,9.354144861831001,2.566525325875835,0.3110683018527533,9.999999999999922,2.566525325875835
E4111.csv,2,10.19175498344157,18.461394778530504,0.10357068859350267,4.433605227781562,18.46139477853042
E4111.csv,3,11.246455202938542,16.303261660399617,0.11164439610544985,3.4708024723989648,16.30326166039968
E4111.csv,4,12.065223490576953,7.334318520291654,0.2219540461735017,8.626997565612895,7.334318520291671
E4112.csv,1,9.35429541850566,2.563605068106175,0.30785141803136723,9.999999999999956,2.563605068106143
E4112.csv,2,10.19704844069395,18.661436121132432,0.1059636519147367,4.6778055002511705,18.66143612113253
E4112.csv,3,11.250511329122219,16.814688318512985,0.11356186646604283,3.5708224151131795,16.814688318513053
E4112.csv,4,12.078126222907283,7.523900971058632,0.22469804451202177,9.999999999999785,7.52390097105865
E4113.csv,1,9.231885765128848,2.733422603732823,0.24540581980347934,2.9305907226046153,2.7334226037328224
E4113.csv,2,10.194035399001509,18.512081977170247,0.1051296403141789,4.610776048206952,18.51208197717024
E4113.csv,3,11.248826538280769,16.70139899261283,0.11359417718486234,3.5831656667110443,16.701398992612813
E4113.csv,4,12.076136947801567,7.445145723601389,0.2240882137746796,9.99999999999934,7.445145723601474
E4200.csv,1,8.280764614635734,1.174295390214413,0.13159367508319703,3.431618272447707,1.1742953902144135
E4200.csv,2,9.190272299303173,3.328702774727232,0.13738883719959502,1.5798584378703233,3.3287027746788027
E4200.csv,3,10.218090990367418,17.305606611939226,0.1046907560968884,4.260574788405647,17.305606611939304
E4200.csv,4,11.24283546783629,10.868185285653968,0.12350387113414041,3.633764971425172,10.868185285653954
E4200.csv,5,12.133579669917282,4.248683300939867,0.2669545653822465,9.999999999996747,4.248683300939912
E4201.csv,1,8.263013694366377,1.6393855196895877,0.146919804594681,2.2520805544916342,1.6393855196895832
E4201.csv,2,9.384008045065052,2.7209143750064553,0.2709438959273233,9.999999998252294,2.720914375006468
E4201.csv,3,10.215060229806724,18.00092706289505,0.1065354103897491,4.266651958660705,18.000927062895038
E4201.csv,4,11.242738758432441,10.969748715031114,0.12291524092882372,3.4629778816421726,10.96974871503111
E4201.csv,5,12.101034354567505,5.337286006670006,0.24098778187248313,9.999999999999952,5.337286006669986
E4202.csv,1,8.26228207890744,1.5723542012749234,0.14888466424544747,2.3170230221847254,1.5723542012749199
E4202.csv,2,9.377708451350697,2.7351970625967317,0.2891271479616531,9.999999999999954,2.7351970625967326
E4202.csv,3,10.196164122325431,17.48646695475704,0.10685021659348815,4.459319453964517,17.486466954757127
E4202.csv,4,11.244628368465472,11.556031346116212,0.12062705437123725,3.545490243375801,11.556031346116216
E4202.csv,5,12.092940207527684,5.641438478274883,0.24099715210824574,9.999999999999964,5.641438478274811
E4203.csv,1,8.261285156192931,1.505871132465137,0.14809462989222394,2.3850830392319615,1.5058711324651364
E4203.csv,2,9.364655941453641,2.697882467340242,0.3055722000034462,9.999999999999991,2.697882467340209
E4203.csv,3,10.198607055506335,17.29232632298239,0.10709661911959038,4.676406512043278,17.292326322982316
E4203.csv,4,11.249243592740013,12.67321109036695,0.1178805897456173,3.6432680232637304,12.673211090367
E4203.csv,5,12.090385923303852,6.140484249787113,0.23066922766389378,9.999999999999998,6.140484249787126
E4204.csv,1,8.256780074407203,1.5904696235842688,0.1493252209398654,2.312037230039498,1.5904696235842677
E4204.csv,2,9.357159989620227,2.8273387794517375,0.31152415876907685,9.999999999999998,2.8273387794517104
E4204.csv,3,10.197053640543837,18.132594761638476,0.10562905246538337,4.494975875961457,18.132594761638448
E4204.csv,4,11.247102446565084,14.263906586471325,0.11446371733494637,3.449753328655008,14.263906586471379
E4204.csv,5,12.087501342636056,6.689478965643131,0.2312111133646004,9.999999999999904,6.689478965643197
E4205.csv,1,9.359502661226935,2.7055263640174467,0.3100572257347064,9.999998026613307,2.7055263640174605
E4205.csv,2,10.197404445603315,17.70870508995544,0.10695736874737971,4.618912188434687,17.708705089955547
E4205.csv,3,11.249369155413204,14.537178868369423,0.11626171789016078,3.569138100861254,14.537178868369411
E4205.csv,4,12.085569410287007,6.795861840601018,0.2293320907708974,9.999999999999558,6.795861840600953
E4206.csv,1,9.36147759374258,2.513857620512574,0.31074118752133145,9.999992213705143,2.5138576205125798
E4206.csv,2,10.198959805955342,17.63095932226116,0.10639975860124136,4.650080274735024,17.630959322261145
E4206.csv,3,11.250547556234496,14.116142025715181,0.11568934534612085,3.58288659574733,14.116142025715186
E4206.csv,4,12.085277404533,6.527482080498157,0.22754923160217325,9.999999999999998,6.527482080498085
E4207.csv,1,9.361812230009557,2.5475048200139487,0.3114862794272039,9.99999999999473,2.54750482001393
E4207.csv,2,10.197646106519269,17.99374441892302,0.10448280941487453,4.497810126478358,17.9937444189231
E4207.csv,3,11.250500216639216,14.644851616407024,0.11484775314749898,3.589807921345829,14.644851616406967
E4207.csv,4,12.08283890112067,6.784854298181739,0.22656541776766445,9.99999999999645,6.784854298181719
E4208.csv,1,9.352767740511588,2.617604119099316,0.3161219313660287,9.999999999999998,2.6176041190993264
E4208.csv,2,10.195715213122838,18.042181447578475,0.10557940861162234,4.6822984848640194,18.042181447578468
E4208.csv,3,11.248510771154027,15.1236163118486,0.11420331583519058,3.627748263502844,15.12361631184859
E4208.csv,4,12.079354135229599,6.927113695005441,0.22529191705010582,9.999999999999998,6.927113695005423
E4209.csv,1,9.35719321943061,2.5408613511996663,0.3097085645545772,9.999999999999833,2.5408613511996982
E4209.csv,2,10.193551925624165,18.416415500444558,0.10489311938731938,4.45855988236663,18.41641550044445
E4209.csv,3,11.245982772143103,15.811223851349412,0.11257042834011341,3.4273871745987985,15.811223851349432
E4209.csv,4,12.07851134667544,7.079819209446085,0.2274645617459825,9.999999999999998,7.079819209446077
E4210.csv,1,9.357144259581547,2.5102632337807864,0.30808176344440313,9.999999999999998,2.5102632337807624
E4210.csv,2,10.19348189133472,18.323688241142452,0.10409663729994435,4.520730226709857,18.32368824114242
E4210.csv,3,11.247953482251274,15.931765815565525,0.11395331971548349,3.571406914917715,15.931765815565585
E4210.csv,4,12.077095131393357,7.218061409404956,0.22546514750466778,9.999999999999998,7.218061409404953
E4211.csv,1,9.354078054093819,2.650568622005579,0.3129067303877618,9.999999999960473,2.650568622005554
E4211.csv,2,10.197923358621248,18.484688776395533,0.10487194944393499,4.728000634029056,18.484688776395505
E4211.csv,3,11.250006465158858,16.383266774407044,0.1124189278474459,3.6261822843194524,16.383266774407108
E4211.csv,4,12.07814390666828,7.376489730343597,0.22306709277755396,9.999999999999972,7.376489730343563
E4212.csv,1,9.350596554790789,2.5250423072885155,0.3093660044063713,9.999999999999996,2.525042307288514
E4212.csv,2,10.191860995118155,18.54631053527872,0.10449281642595488,4.47335660576131,18.54631053527871
E4212.csv,3,11.245632428905537,16.71059933487503,0.11249910529712319,3.446791401586521,16.710599334874967
E4212.csv,4,12.075194737699935,7.437137344500238,0.22645686512979674,9.999999999970251,7.437137344500163
E4213.csv,1,9.35332852289041,2.564986846105571,0.3088585194251894,9.999999997895964,2.5649868461055845
E4213.csv,2,10.196765696952042,18.71666944244614,0.10412582172696117,4.571528850518095,18.716669442446126
E4213.csv,3,11.253929948336491,16.79800235522193,0.11353700797595018,3.643350593735344,16.798002355221918
E4213.csv,4,12.079876381337144,7.537336885987299,0.223551333798801,9.999999999957742,7.537336885987218
E4300.csv,1,8.273028758704594,1.278804872475964,0.1326104620832926,3.0505347587591225,1.2788048724759655
E4300.csv,2,9.18880715911694,3.4052267574075574,0.14157417326268365,1.5991354087960385,3.405226757371038
E4300.csv,3,10.214205251439793,17.746613722720937,0.10488653541800104,4.1219640257683805,17.746613722720838
E4300.csv,4,11.239420342089744,11.315371922503749,0.12268588135061749,3.4045193513488403,11.31537192250375
E4300.csv,5,12.133201875663662,4.441803387336061,0.27020893449338257,9.999999999808356,4.4418033873361145
E4302.csv,1,8.263088305703032,1.6087084982386828,0.15085580856714983,2.3753025199876108,1.6087084982386786
E4302.csv,2,9.376116687326098,2.8347098961023462,0.29093879403357326,9.999999999999998,2.8347098961023445
E4302.csv,3,10.197505122594688,17.721651996451243,0.10803568536806257,4.638984608048997,17.721651996451218
E4302.csv,4,11.246053622616463,11.719984103214161,0.12093181786700125,3.6345148857948186,11.71998410321412
E4302.csv,5,12.093566786551616,5.705006137403789,0.23805677628690125,9.999999999999906,5.705006137403814
E4303.csv,1,8.259918898297457,1.550892304410565,0.14646598774757336,2.305364003901745,1.5508923044105645
E4303.csv,2,9.364047824051044,2.7275132478850233,0.3042707838830087,9.999999999999998,2.7275132478850326
E4303.csv,3,10.19639523410472,17.71298257466581,0.10519016552805528,4.461209265812406,17.71298257466584
E4303.csv,4,11.246975018853703,13.023376430363287,0.11565593968593317,3.4806784366993178,13.023376430363234
E4303.csv,5,12.090383249119329,6.230108020804602,0.23169688027785784,9.99999998995937,6.230108020804595
E4304.csv,1,8.261382710540143,1.525502506396303,0.15091678862480626,2.4497853933081357,1.525502506396307
E4304.csv,2,9.358348321531224,2.778949713172421,0.3100005255684873,9.999999930147814,2.778949713172448
E4304.csv,3,10.20000489607703,17.714822694824097,0.1069319348109535,4.689023036161714,17.714822694824083
E4304.csv,4,11.250267697969115,13.9477333397235,0.11595218607088775,3.5777597937940384,13.947733339723483
E4304.csv,5,12.088988185484752,6.598003784113643,0.2290340158191756,9.999999999998602,6.598003784113725
E4305.csv,1,8.259360546058186,1.5094873893190446,0.15585334590913677,2.4917633183541033,1.50948738931904
E4305.csv,2,9.361105793475426,2.7627239680702234,0.3103088935177151,9.999951970883057,2.762723968070226
E4305.csv,3,10.198426373068582,18.02314229198879,0.1070326563943025,4.591308142972179,18.0231422919889
E4305.csv,4,11.249855093729298,14.856604737723963,0.11566573070007459,3.5008779681114555,14.856604737724012
E4305.csv,5,12.087769446613057,6.870728496872367,0.22854895696749727,9.999999991813382,6.8707284968723
E4306.csv,1,9.35996348510945,2.59808202057205,0.3126963383543732,9.999999997452885,2.5980820205720816
E4306.csv,2,10.196786042181037,17.91372877321926,0.10519412679441129,4.54902985712796,17.913728773219226
E4306.csv,3,11.249620056677792,14.234929098471824,0.1161050686532759,3.602946500698291,14.234929098471827
E4306.csv,4,12.083236938868229,6.640142577427716,0.22828498495191035,9.999999999999998,6.640142577427724
E4307.csv,1,9.362685051109343,2.5245414091357006,0.3135230336083685,9.999999731107096,2.524541409135705
E4307.csv,2,10.199839170934103,17.55287631684731,0.1062084926533255,4.703871417501702,17.552876316847208
E4307.csv,3,11.252814135931718,14.350568082944545,0.11574943280359655,3.685795318851816,14.350568082944596
E4307.csv,4,12.083867473039993,6.666266029098219,0.2251859053735234,9.999999999995861,6.666266029098165
E4310.csv,1,9.353323820271,2.6132368157741728,0.313225092887107,9.999999999996769,2.6132368157741976
E4310.csv,2,10.195992849491699,18.244722533998658,0.10473219975456094,4.7573395135702174,18.24472253399865
E4310.csv,3,11.249631977228422,15.911147089620597,0.11310458300825431,3.678665057496776,15.911147089620576
E4310.csv,4,12.072517191168087,7.197323382392395,0.2194348773573814,9.236155556830097,7.197323382392394
E4311.csv,1,9.354241759934368,2.5451186562891013,0.31051404459425624,9.999999999999998,2.545118656289109
E4311.csv,2,10.1922367497596,18.345814946430714,0.10478109901793227,4.449250116504456,18.34581494643069
E4311.csv,3,11.24597390531952,16.233781756046927,0.11225667900892351,3.44125260507988,16.23378175604694
E4311.csv,4,12.07607534490608,7.2485669431880675,0.22652662665969514,9.999999999987926,7.2485669431881
E4312.csv,1,9.353429584074192,2.581399447002449,0.3107724619250806,9.999999999999707,2.581399447002425
E4312.csv,2,10.195618267636153,18.477852995096075,0.10481231740965552,4.58785808310389,18.47785299509617
E4312.csv,3,11.250720221172958,16.539534206861056,0.1135382013997147,3.5884926279013802,16.539534206860985
E4312.csv,4,12.07793627110647,7.428617702745226,0.22464620010094274,9.999999999999998,7.42861770274525
E4313.csv,1,9.351005180898616,2.5214253448986352,0.31229686655547956,9.999999998704036,2.521425344898663
E4313.csv,2,10.194775074058592,18.13562758015812,0.10534732795384301,4.69280010792189,18.135627580158104
E4313.csv,3,11.251022041634755,16.314348973673095,0.11403989803969003,3.6679045210631442,16.314348973673027
E4313.csv,4,12.076839844709953,7.354632397832201,0.22380809305942206,9.999999999999998,7.354632397832271
E5100.csv,1,9.1726968238291,2.9455907461748168,0.12020097277299671,1.3971084685459272,2.9455907454300863
E5100.csv,2,10.178101517648047,13.190793001677594,0.10434425484076845,4.175327329114796,13.190793001677653
E5100.csv,3,11.237003025513092,9.722272041233108,0.1191861045907248,3.4516834194894326,9.722272041233106
E5100.csv,4,12.11486476294449,4.357567745038833,0.2538854315801964,9.999999999999998,4.35756774503878
E5200.csv,1,9.170981358159331,3.0911563518399765,0.11639339384103503,1.2921570795523272,3.091156347745732
E5200.csv,2,10.179697494080015,13.029190171659481,0.10544814695276342,4.310651222299481,13.029190171659506
E5200.csv,3,11.236663916924526,9.624218643269593,0.11910022228498476,3.5100106243544253,9.624218643269607
E5200.csv,4,12.113815804298747,4.310704069013009,0.25177577279237495,9.999999999999998,4.310704069013061
GLC12gl 10ul.csv,1,11.153459464971837,22.17191085918483,0.08820482750421767,4.172165630073708,22.171910859184862
GLC12gl 20ul.csv,1,11.172615329536187,45.92689411140223,0.08886540474676612,4.230458630285096,45.92689411140199
GLC12gl 40ul.csv,1,11.20127800410116,89.8993550579439,0.09015603623154914,4.532572974697675,89.89935505794347
GLC12gl 5ul.csv,1,11.138005642230883,10.649907079173133,0.08593037592213094,4.06211713758791,10.649907079173174
MDN_A_0_t0.csv,1,6.470081545875414,4.240394114281141,0.05995497840276762,0.6896282098928009,4.240393733626586
MDN_A_100_t0.csv,1,10.179615701238882,2.7728847543604553,0.09892673963229755,3.6166382636372183,2.772884754360467
MDN_A_200_t0.csv,1,9.526661567175962,1.0662381497767406,0.10021991185995434,3.3548172375846765,1.0662381497767361
MDN_A_200_t0.csv,2,10.187875276297806,3.9699576669972982,0.10621250604001496,3.6415730120682257,3.969957666997293
MDN_A_400_t0.csv,1,10.184424707269537,3.3806467480410496,0.10268772111709969,3.495985602867706,3.3806467480410523
MDN_A_50_t0.csv,1,8.281626524175286,1.83621430592127,0.09540208672370307,1.8776847592817314,1.8362143059212737
MDN_A_50_t0.csv,2,10.176559930056735,2.315498537429155,0.09914987558780194,3.7869175155082497,2.3154985374291552
MDN_A_600_t0.csv,1,9.521093087891819,1.4991064119251116,0.09837441497078926,3.4960531127900567,1.4991064119251132
MDN_A_600_t0.csv,2,10.18965164067767,3.95941379586689,0.11670748816322016,3.758392034242511,3.9594137958668765
MDN_C_0_t0.csv,1,6.47326406640441,4.543745558850773,0.05844903652963969,0.5955755170481939,4.543741860073964
MDN_C_100_t0.csv,1,9.516955471299996,1.1516807611058768,0.10232691609103739,3.566963160421941,1.1516807611058804
MDN_C_100_t0.csv,2,10.172072689074096,3.4190656429051365,0.10701248263031299,3.5421272271739053,3.4190656429051316
MDN_C_200_t0.csv,1,9.521880975309836,2.278473999231806,0.09539749163239675,3.804186253942808,2.2784739992318146
MDN_C_200_t0.csv,2,10.180271417597769,4.563747569763931,0.11469064664518115,3.6728957777839994,4.563747569763953
MDN_C_400_t0.csv,1,9.524415929681624,1.7812496291945856,0.09780660312907082,3.701374742713368,1.7812496291945832
MDN_C_400_t0.csv,2,10.179314836804723,4.519697439361598,0.10854674926948574,3.559162262677902,4.519697439361616
MDN_C_50_t0.csv,1,8.27990969753812,1.9189608371179234,0.09593672303853427,2.205762259105533,1.918960837117928
MDN_C_50_t0.csv,2,10.168304134081929,2.213034205533133,0.10477173128940805,3.5496617962739907,2.213034205533132
MDN_C_600_t0.csv,1,8.2539132772357,1.9667972072576703,0.10274755426519144,1.4583846078809937,1.9667972072576378
MDN_C_600_t0.csv,2,10.1743615213717,3.0482246752194624,0.10646080044778068,3.542343013271354,3.048224675219457
MDN_ETOH_5gL_10uL.csv,1,20.0460500050575,2.368763750433565,0.13977912699956255,2.448893127002094,2.3687637503684664
MDN_ETOH_5gL_20uL.csv,1,20.05962665064779,4.721149777331932,0.14334848062071442,2.536165421581375,4.7211497772751745
MDN_ETOH_5gL_40uL.csv,1,20.064385331144724,9.639391544964965,0.14143301179906642,2.396101293030311,9.639391544497277
MDN_MR_A0.csv,1,6.4426530169702385,5.891590929713374,0.09580156070938205,0.43583981107918657,5.891385996719115
MDN_MR_A100.csv,1,20.02005331243151,3.9821843594037403,0.1363178770841909,2.668195249682117,3.9821843593921633
MDN_MR_A200.csv,1,20.019755265822827,4.400841994931171,0.1368927287698531,2.664448243561998,4.400841994917883
MDN_MR_A400.csv,1,20.01674170337539,4.144845014888195,0.13578706862681655,2.6888161458710265,4.144845014878872
MDN_MR_A50.csv,1,20.017366739171784,3.2839305985512355,0.13653865953919236,2.651394587690178,3.2839305985400173
MDN_MR_A600.csv,1,7.766641355179378,0.9414219174577877,0.08890245147377966,4.040442719269,0.941421917457787
MDN_MR_A600.csv,2,20.01729942116246,5.354659253454815,0.13611054736178357,2.6496680331431777,5.354659253436204
MDN_MR_C100.csv,1,20.017478807767212,3.949382284443523,0.13690819785301514,2.7109186496653823,3.9493822844360182
MDN_MR_C200.csv,1,20.018555849129203,4.459651934839651,0.13645082354490062,2.703983683752416,4.459651934830616
MDN_MR_C400.csv,1,7.766168119233604,0.9690343516866626,0.09067330303891853,4.06906591893034,0.9690343516866651
MDN_MR_C400.csv,2,20.0194181711913,5.504001629936546,0.13505357043414543,2.647399291481512,5.504001629916895
MDN_MR_C50.csv,1,20.018472019308312,2.3671864973290933,0.13583639771057468,2.7343744779652956,2.367186497325541
MDN_MR_C600.csv,1,7.7685987990045975,1.238441204109749,0.08833233104436072,4.057920345877056,1.2384412041097466
MDN_MR_C600.csv,2,13.369102040171368,1.1895132470695087,0.10882348212953205,3.3764128920720586,1.1895132470695124
MDN_MR_C600.csv,3,20.019567739806973,5.969033425783978,0.1344906982471901,2.647084940776677,5.969033425762604
MDN_MR_M0.csv,1,6.349006184992543,3.6373181438243374,0.09305170014491648,2.7895440620450707,3.637318143824337
MDN_MR_M100.csv,1,11.978214248819508,1.2299416644041274,0.12895763563247278,3.1116022956399982,1.2299416644041319
MDN_MR_M100.csv,2,20.023087238255876,4.254249273290188,0.13631599458988494,2.689510228825515,4.254249273280082
MDN_MR_M200.csv,1,20.021443118509293,4.550273537360122,0.13647431906155916,2.688217954454281,4.550273537349227
MDN_MR_M400.csv,1,7.767260676600748,0.992698673996618,0.09253258411470854,4.171583063768617,0.9926986739966156
MDN_MR_M400.csv,2,20.02340311402419,4.070192025704888,0.1343163745015609,2.670431210073701,4.070192025693237
MDN_MR_M50.csv,1,11.977554351596941,1.7661656277912055,0.11496697261469677,3.118249421237353,1.7661656277911995
MDN_MR_M50.csv,2,20.022199781252723,2.408822618293285,0.1349357956851411,2.721204312732828,2.408822618289111
MDN_MR_M600.csv,1,7.7692060516675685,1.3098444086357157,0.09026045911154014,4.223844070387913,1.3098444086357188
MDN_MR_M600.csv,2,20.02156945461662,6.271745204044614,0.13553993472611808,2.636661068765869,6.271745204019567
MDN_M_0_t0.csv,1,6.3982444210012055,2.8275629758105083,0.07321087691302165,2.099639902468434,2.8275629758105074
MDN_M_100_t0.csv,1,8.29470627551588,1.4748510981196807,0.09300930040383426,2.649773727055309,1.4748510981196792
MDN_M_100_t0.csv,2,10.174649828946832,1.4270534402813548,0.102857264421169,3.572911187708239,1.427053440281361
MDN_M_200_t0.csv,1,8.22963197702673,3.1389585454382187,0.10688418552761293,0.7885934612207245,3.13895843518787
MDN_M_200_t0.csv,2,10.17705799682239,4.160578597420316,0.10165123250486995,3.5893543473020952,4.160578597420335
MDN_M_400_t0.csv,1,10.177916956583216,3.332817140922005,0.09914172456244043,3.6061824403156164,3.3328171409220158
MDN_M_50_t0.csv,1,8.300638542550088,2.7470208671714493,0.09050603491371967,2.953881963956495,2.747020867171451
MDN_M_50_t0.csv,2,10.169391249170854,1.5100441024245095,0.10783810175678922,3.8287456553763666,1.5100441024245157
MDN_M_600_t0.csv,1,9.525962125872773,1.8765953303146474,0.09688670791449219,3.6422466710082344,1.876595330314645
MDN_M_600_t0.csv,2,10.190645397233503,4.830236150874117,0.11408459785207727,3.796374486731647,4.830236150874111
PD_1.csv,1,13.386158223107836,3.437385923336495,0.09976142098605834,3.499585630668608,3.437385923336498
PD_11.csv,1,6.337460888979086,1.9181869131682532,0.057020864076046944,7.501276862314989,1.9181869131682454
PD_11.csv,2,8.359741992950921,0.8488197715867206,0.0974877651211302,7.452754453383554,0.8488197715867264
PD_11.csv,3,13.398941805440598,5.388200042009565,0.11377927905927274,3.6008824499484726,5.388200042009559
PD_11D.csv,1,6.32133729675161,0.7013930185640493,0.043844173781955924,6.256083593426833,0.7013930185640489
PD_11D.csv,2,13.382038377049623,2.576348876270066,0.10095373004743341,3.4566743005486082,2.5763488762700697
PD_11DG.csv,1,6.401694967061517,0.725708463681173,0.04440567695412284,6.037332137324273,0.7257084636811756
PD_11DG.csv,2,13.561134313056595,4.323773478226287,0.10103864704076858,3.4356306498902978,4.3237734782263
PD_11R.csv,1,13.399597453440185,16.189412460013468,0.1026437163964342,3.281816112875918,16.189412460013447
PD_11RD.csv,1,13.3858148584278,9.058501595335215,0.09905468886193437,3.4765265744598763,9.05850159533525
PD_11Y.csv,1,6.3264245627347435,0.546081052929394,0.039866630725281064,6.024534547833324,0.5460810529293939
PD_11Y.csv,2,13.385617621728754,7.681653300485766,0.09877125244396727,3.448135607585977,7.681653300485798
PD_11YD.csv,1,6.324908731845308,0.5769295729524513,0.04029861984360821,5.983746726002114,0.576929572952452
PD_11YD.csv,2,13.382274383618338,8.198801501258982,0.10014150091227289,3.4588049354124277,8.198801501258956
PD_1D.csv,1,6.4152508767031335,0.623263084364928,0.04185195909452108,5.986061521278962,0.6232630843649302
PD_1D.csv,2,13.573939133863215,3.0318450944276534,0.10156914467212368,3.369500224502405,3.031845094427666
PD_1DG.csv,1,6.32589069930164,0.5896887948468222,0.040503139236013945,6.083737231554152,0.58968879484682
PD_1DG.csv,2,13.385922899834059,4.310518690997428,0.09919211217610198,3.4668480524829364,4.310518690997424
PD_1R.csv,1,13.403479305102605,19.49866525382539,0.10088862414911483,3.251701166269635,19.498665253825415
PD_1RD.csv,1,13.386388023886937,9.71171366176256,0.09915021374166941,3.50683467727293,9.711713661762527
PD_1Y.csv,1,6.332043323778695,0.531629159877639,0.040394565238493434,6.249421925751006,0.5316291598776374
PD_1Y.csv,2,13.387758049926212,8.524357187395143,0.09838181277319265,3.490338676960592,8.524357187395154
PD_1YD.csv,1,6.327798843339067,0.5349479786491516,0.038936829497695,5.957192816717901,0.5349479786491501
PD_1YD.csv,2,13.384325557949012,9.20708964365579,0.09900006886015966,3.4863843496817877,9.207089643655804
PD_3.csv,1,6.3214579321406985,0.8014503942825172,0.04411117303125262,6.584117632837753,0.8014503942825207
PD_3.csv,2,13.383584735286814,3.862102872604998,0.09999042141874151,3.5292256302570353,3.8621028726049813
PD_3D.csv,1,6.413478758473442,0.7479605224266043,0.04688048248938032,6.571113942547273,0.747960522426601
PD_3D.csv,2,13.585142533079269,3.1218141746999097,0.10005923218164178,3.431423213849624,3.1218141746998955
PD_3DG.csv,1,6.322558575314815,0.5969419778493154,0.04118317465727265,6.230062619402479,0.5969419778493159
PD_3DG.csv,2,13.383472584406727,4.021818641896823,0.0991260502086018,3.507076176505904,4.021818641896837
PD_3R.csv,1,6.3250967279503145,0.5478329155332097,0.039104565030778686,5.9823737650044295,0.547832915533208
PD_3R.csv,2,13.383359888654553,10.588035086315736,0.0979883237461767,3.487579168742726,10.588035086315784
PD_3RD.csv,1,13.385906713037741,8.880149359010536,0.09940280478846603,3.5792784024253765,8.880149359010494
PD_3Y.csv,1,6.324746372066176,0.6009488456609484,0.0409467393342166,6.25118185772711,0.6009488456609478
PD_3Y.csv,2,13.38605518207036,8.494482136433794,0.09875352292758151,3.5414834501732404,8.494482136433792
PD_3YD.csv,1,6.32590646633593,0.5685779824041696,0.039923146705379664,6.0755971150190415,0.5685779824041696
PD_3YD.csv,2,13.383661899154825,8.687074838827632,0.09849958459934814,3.5361224266886864,8.687074838827645
PD_5.csv,1,6.316341922548287,1.1400062000383726,0.05032041788144908,7.001324741771477,1.1400062000383773
PD_5.csv,2,13.384259990487863,4.629080914513195,0.10098283865450873,3.5013603984893273,4.62908091451321
PD_5D.csv,1,6.322411205723355,0.7338788727242209,0.04464835467143724,6.491457853889648,0.7338788727242209
PD_5D.csv,2,13.385786232873155,3.3041881683855627,0.09941493364513837,3.471686097144427,3.304188168385577
PD_5DG.csv,1,6.393735631916121,0.6485945351538434,0.042741656545354466,6.007919000911295,0.6485945351538454
PD_5DG.csv,2,13.536530954168187,4.265983278420646,0.10085677308939037,3.4708939085123776,4.265983278420666
PD_5R.csv,1,6.324701586627182,0.5570697187415743,0.03936381932280841,5.9219218632287385,0.557069718741574
PD_5R.csv,2,13.387009481246503,15.433978144434757,0.09773521359676866,3.529753227432067,15.433978144434757
PD_5R.csv,3,27.60000389716089,28.862505860651538,3.0493424284481945,1.9304291130621423,21.039934706969298
PD_5R.csv,4,27.868272795996678,33.08731966269602,3.510859547738697,1.9980843595064937,22.417813059275986
PD_5RD.csv,1,13.383153648310815,8.851478343361194,0.09803703797136623,3.4615650010089642,8.851478343361158
PD_5Y.csv,1,6.3266309368486695,0.5844087476959735,0.039834115481580744,5.946113434090969,0.584408747695974
PD_5Y.csv,2,13.386199685147988,8.274464035951077,0.09818443356162404,3.413735106676639,8.274464035951068
PD_5YD.csv,1,6.326499143746626,0.6029480221375575,0.04004471936860509,5.974226962608252,0.6029480221375572
PD_5YD.csv,2,13.38542683869661,8.7120310732809,0.09776378719418213,3.4113649662041383,8.712031073280894
PD_7.csv,1,6.315933922238411,1.2043736803030103,0.05021065069903958,7.141397988801534,1.2043736803030107
PD_7.csv,2,13.38267880030558,4.754394032175924,0.1003815005148292,3.4914881674419687,4.754394032175925
PD_7D.csv,1,6.326187354075096,0.5925932503039111,0.04072007725486765,6.098838713734161,0.5925932503039117
PD_7D.csv,2,13.38346730704493,2.791801691640602,0.10113544994647473,3.4650729208127915,2.7918016916406
PD_7DG.csv,1,6.4002961102985285,0.6235857141209307,0.04130420130180883,5.986034295605253,0.6235857141209328
PD_7DG.csv,2,13.546488316319307,4.295522030933089,0.1004992970639011,3.357397372142902,4.295522030933073
PD_7R.csv,1,13.389171854503628,16.183859864005917,0.09850845272848442,3.536857120502572,16.183859864005907
PD_7RD.csv,1,13.38768369262674,9.003804576919437,0.09900715182909203,3.489468831286628,9.003804576919402
PD_7Y.csv,1,6.328068713097866,0.5596896631361736,0.03944130873154908,5.981516702674244,0.5596896631361757
PD_7Y.csv,2,13.385043607469216,8.044801777713383,0.09858737442492188,3.508330019961272,8.04480177771341
PD_7YD.csv,1,6.328968496353663,0.5461027395624959,0.038850025642162174,6.053187720415297,0.5461027395624976
PD_7YD.csv,2,13.386993203760184,8.38215374076019,0.09924842764244511,3.512662197703713,8.382153740760199
PD_9.csv,1,6.318147307019443,1.0900203964840662,0.04957693947781828,6.941698168149975,1.0900203964840658
PD_9.csv,2,13.383123888114113,3.952499189108061,0.10620216055454838,3.679922332345344,3.9524991891080594
PD_9D.csv,1,6.324499108488593,0.6037603577751713,0.040880679286986854,6.115766243581495,0.6037603577751713
PD_9D.csv,2,13.382654011604636,2.4369461169084756,0.10245667171779962,3.6044988823255393,2.436946116908472
PD_9DG.csv,1,6.403235136550606,0.6527227814271297,0.042370027124650614,5.964965058162493,0.6527227814271276
PD_9DG.csv,2,13.55310275257508,4.281403044061693,0.0990702620460825,3.391903242886635,4.281403044061711
PD_9R.csv,1,13.38654389217724,16.167666978180222,0.09696640144233515,3.45692251240244,16.167666978180225
PD_9RD.csv,1,13.384965381915343,8.917152991351445,0.098301499699633,3.580839237311751,8.91715299135145
PD_9Y.csv,1,6.324556849121644,0.6258555624954346,0.04169854908866389,6.098392357643395,0.6258555624954368
PD_9Y.csv,2,13.386058927643838,8.391394173830648,0.09877668435366442,3.506626829824579,8.391394173830644
PD_9YD.csv,1,6.326772914997571,0.5826236322570951,0.04017192703527677,6.031614958497476,0.5826236322570968
PD_9YD.csv,2,13.38390569701707,8.243290973987074,0.09951833118452143,3.5780397941326747,8.243290973987067
PD_AC_Succ_3gL_10u.csv,1,12.164960237545106,1.411225839947186,0.09917755353831467,3.251868286601429,1.4112258399471878
PD_AC_Succ_3gL_20u.csv,1,12.177548984490368,2.767829973127707,0.1006333501341966,3.3671271019434323,2.767829973127695
PD_AC_Succ_3gL_40u.csv,1,12.19227641089604,5.55311844146283,0.10355590860467191,3.4116669333206557,5.553118441462848
PD_Glicerol_3gL_10u.csv,1,13.376794158928524,4.880911760986683,0.1008051652414645,3.292778604920043,4.880911760986692
PD_Glicerol_3gL_20u.csv,1,13.394517350224621,9.997543419655354,0.10271202057946213,3.287082608257403,9.997543419655392
PD_Glicerol_3gL_40u.csv,1,13.415124708409863,20.347910070325614,0.1044767510152053,3.2623795667697593,20.347910070325547
PD_Glicerol_3gL_5u.csv,1,13.372064715225378,2.394346984965416,0.09979284225040948,3.2071055931808825,2.3943469849654235
XY02gl 10ul.csv,1,11.920426646945028,3.4871012669738906,0.08707568054750436,3.6348716292954473,3.4871012669738954
XY02gl 20ul.csv,1,11.933282418032842,7.358490766039034,0.09174447138958448,3.648053144424057,7.358490766039065
XY02gl 40ul.csv,1,11.949312300802164,15.432460617976675,0.09425464336010313,3.4979889329434166,15.432460617976679
XY02gl 5ul.csv,1,11.91363313979202,1.5639792448556873,0.08609027530982985,3.9097095280161946,1.5639792448556937
glicose_3gl.csv,1,9.472164204479753,22.96520189814637,0.08521391469822534,3.757931623612942,22.965201898146333
